created_at,name
2021-01-01 00:00:00.000000000,VjEVyZ
2021-01-01 17:33:18.396793587,mTiFyWPCCX
2021-01-02 11:06:36.793587174,IaZYkrKewy
2021-01-03 04:39:55.190380761,KhIqQMOqf
2021-01-03 22:13:13.587174348,qhLPub
2021-01-04 15:46:31.983967935,KmJlHjBFq
2021-01-05 09:19:50.380761523,uFwchGrg
2021-01-06 02:53:08.777555110,XiHFCAqsZR
2021-01-06 20:26:27.174348697,iKmEYup
2021-01-07 13:59:45.571142284,nGtBQSCJhr
2021-01-08 07:33:03.967935871,MPeBkA
2021-01-09 01:06:22.364729458,vEjeweTp
2021-01-09 18:39:40.761523046,uPGBVQn
2021-01-10 12:12:59.158316633,hoWjEu
2021-01-11 05:46:17.555110220,YvFxbMYpn
2021-01-11 23:19:35.951903807,KdNsg
2021-01-12 16:52:54.348697394,OsVOR
2021-01-13 10:26:12.745490981,oRaiiaXv
2021-01-14 03:59:31.142284569,JGmDbBGomS
2021-01-14 21:32:49.539078156,jLkFREws
2021-01-15 15:06:07.935871743,dVJTomb
2021-01-16 08:39:26.332665330,mZKSukErE
2021-01-17 02:12:44.729458917,GdivzYjUA
2021-01-17 19:46:03.126252505,cpUokye
2021-01-18 13:19:21.523046092,phOag
2021-01-19 06:52:39.919839679,nbAfZEt
2021-01-20 00:25:58.316633266,SSazv
2021-01-20 17:59:16.713426853,yxZKW
2021-01-21 11:32:35.110220440,RgzjWf
2021-01-22 05:05:53.507014028,naDqkizfk
2021-01-22 22:39:11.903807615,TwtMujd
2021-01-23 16:12:30.300601202,xhnJO
2021-01-24 09:45:48.697394789,NXWwSw
2021-01-25 03:19:07.094188376,UBddYZEr
2021-01-25 20:52:25.490981963,qgKhVZA
2021-01-26 14:25:43.887775551,NNggvwY
2021-01-27 07:59:02.284569138,VStXt
2021-01-28 01:32:20.681362725,xvfkgpVMy
2021-01-28 19:05:39.078156312,wnIPnE
2021-01-29 12:38:57.474949899,dJixnH
2021-01-30 06:12:15.871743487,sjzodrGnS
2021-01-30 23:45:34.268537074,Bflpelt
2021-01-31 17:18:52.665330661,qXOmSh
2021-02-01 10:52:11.062124248,rVZedVG
2021-02-02 04:25:29.458917835,EdwQITPqKC
2021-02-02 21:58:47.855711422,BDJLTi
2021-02-03 15:32:06.252505010,jiffGRO
2021-02-04 09:05:24.649298597,WYgspE
2021-02-05 02:38:43.046092184,TEAPzrG
2021-02-05 20:12:01.442885771,UQJOoiJSq
2021-02-06 13:45:19.839679358,gDIKXdf
2021-02-07 07:18:38.236472946,CJdKw
2021-02-08 00:51:56.633266533,WHQrtbPu
2021-02-08 18:25:15.030060120,rfbwmGftc
2021-02-09 11:58:33.426853707,jyRQwkS
2021-02-10 05:31:51.823647294,yHFakW
2021-02-10 23:05:10.220440881,BUltbarGvh
2021-02-11 16:38:28.617234469,tstBPjAZFl
2021-02-12 10:11:47.014028056,dYXFqBpRHm
2021-02-13 03:45:05.410821643,oPigCpg
2021-02-13 21:18:23.807615230,kMiIBi
2021-02-14 14:51:42.204408817,xjCfV
2021-02-15 08:25:00.601202404,vENuEJWJA
2021-02-16 01:58:18.997995992,ipErjBvt
2021-02-16 19:31:37.394789579,AwhaO
2021-02-17 13:04:55.791583166,obbtGz
2021-02-18 06:38:14.188376753,pGZbWZ
2021-02-19 00:11:32.585170340,AcZrRyvy
2021-02-19 17:44:50.981963927,fZCLAJOeD
2021-02-20 11:18:09.378757515,dGOBj
2021-02-21 04:51:27.775551102,ypHMRDZVV
2021-02-21 22:24:46.172344689,hharzw
2021-02-22 15:58:04.569138276,KoLMSiO
2021-02-23 09:31:22.965931864,HzcnRQEs
2021-02-24 03:04:41.362725451,DVMCNS
2021-02-24 20:37:59.759519038,RPmVzYT
2021-02-25 14:11:18.156312625,pyeVVC
2021-02-26 07:44:36.553106212,pjlMczRLKP
2021-02-27 01:17:54.949899799,dDaNtiLoCx
2021-02-27 18:51:13.346693387,wHqGe
2021-02-28 12:24:31.743486974,jvgmhTyyS
2021-03-01 05:57:50.140280561,olQGsGz
2021-03-01 23:31:08.537074148,AmpGNNaBy
2021-03-02 17:04:26.933867735,xYjxJX
2021-03-03 10:37:45.330661322,IINGCERnJ
2021-03-04 04:11:03.727454910,UujLjt
2021-03-04 21:44:22.124248497,xHEOWT
2021-03-05 15:17:40.521042084,OMACqXIHL
2021-03-06 08:50:58.917835671,KujacEKlB
2021-03-07 02:24:17.314629258,oEvgxsy
2021-03-07 19:57:35.711422845,vOhHMfaFe
2021-03-08 13:30:54.108216433,vkLnBZwInO
2021-03-09 07:04:12.505010020,ENpMhBdAEO
2021-03-10 00:37:30.901803607,lcttGWTOBY
2021-03-10 18:10:49.298597194,UIyEni
2021-03-11 11:44:07.695390781,LkDmUekAw
2021-03-12 05:17:26.092184368,BWlYRdL
2021-03-12 22:50:44.488977956,kNutZjVa
2021-03-13 16:24:02.885771543,iOPhYGqfj
2021-03-14 09:57:21.282565130,sSXHHd
2021-03-15 03:30:39.679358717,QvbWuvf
2021-03-15 21:03:58.076152304,RoWqUaU
2021-03-16 14:37:16.472945892,lXySbkLX
2021-03-17 08:10:34.869739479,mAPtwu
2021-03-18 01:43:53.266533066,Hgfafl
2021-03-18 19:17:11.663326653,kFAphu
2021-03-19 12:50:30.060120240,bhgoc
2021-03-20 06:23:48.456913827,vEcaYl
2021-03-20 23:57:06.853707415,ZtXPGRZc
2021-03-21 17:30:25.250501002,qOmFHPdkrm
2021-03-22 11:03:43.647294589,zLnHuHoZi
2021-03-23 04:37:02.044088176,oMlmgwK
2021-03-23 22:10:20.440881763,hrkASKq
2021-03-24 15:43:38.837675350,AAVZkBNb
2021-03-25 09:16:57.234468938,GGxRq
2021-03-26 02:50:15.631262525,bOSixyu
2021-03-26 20:23:34.028056112,HHAUtlf
2021-03-27 13:56:52.424849699,BFoOA
2021-03-28 07:30:10.821643286,hFABLz
2021-03-29 01:03:29.218436873,XYEHOiiU
2021-03-29 18:36:47.615230461,CcKndwp
2021-03-30 12:10:06.012024048,siOcaIqn
2021-03-31 05:43:24.408817635,vyQYyb
2021-03-31 23:16:42.805611222,uGwbx
2021-04-01 16:50:01.202404809,QrfWax
2021-04-02 10:23:19.599198396,zufaYgVj
2021-04-03 03:56:37.995991984,OCruuUS
2021-04-03 21:29:56.392785571,OorvrP
2021-04-04 15:03:14.789579158,nkaEd
2021-04-05 08:36:33.186372745,XjGVI
2021-04-06 02:09:51.583166332,WZeKesXI
2021-04-06 19:43:09.979959920,WykPKhLRU
2021-04-07 13:16:28.376753507,HUdgRt
2021-04-08 06:49:46.773547094,PgIeLgDaQ
2021-04-09 00:23:05.170340681,qBItfjo
2021-04-09 17:56:23.567134268,qcxfjf
2021-04-10 11:29:41.963927855,hVeQUPym
2021-04-11 05:03:00.360721443,XSGbThxx
2021-04-11 22:36:18.757515030,wHsSqG
2021-04-12 16:09:37.154308617,SyhBK
2021-04-13 09:42:55.551102204,PCWhTnfJB
2021-04-14 03:16:13.947895791,NMwaKINqI
2021-04-14 20:49:32.344689378,QpbGiso
2021-04-15 14:22:50.741482966,KIvrBDtsE
2021-04-16 07:56:09.138276552,gFpBVNGXp
2021-04-17 01:29:27.535070140,PShWzVGG
2021-04-17 19:02:45.931863728,TESbepVVG
2021-04-18 12:36:04.328657314,zDRuCBcn
2021-04-19 06:09:22.725450902,KskuhJ
2021-04-19 23:42:41.122244488,OdxLt
2021-04-20 17:15:59.519038076,UIujxi
2021-04-21 10:49:17.915831662,OaAEpXCtcu
2021-04-22 04:22:36.312625250,krdXtuS
2021-04-22 21:55:54.709418838,LRLEsDsvM
2021-04-23 15:29:13.106212424,gMpiQak
2021-04-24 09:02:31.503006012,emhNEUMozB
2021-04-25 02:35:49.899799598,elHcwwJx
2021-04-25 20:09:08.296593186,NSlJVbw
2021-04-26 13:42:26.693386774,DODvmlZZuJ
2021-04-27 07:15:45.090180360,XpgTYXlt
2021-04-28 00:49:03.486973948,AfbOgtGMYQ
2021-04-28 18:22:21.883767534,jMIkqkCr
2021-04-29 11:55:40.280561122,dtyWWnLBvv
2021-04-30 05:28:58.677354710,jDezjMTO
2021-04-30 23:02:17.074148296,iKWzCcHebt
2021-05-01 16:35:35.470941884,QbpSbKTq
2021-05-02 10:08:53.867735470,ndyPge
2021-05-03 03:42:12.264529058,OECaq
2021-05-03 21:15:30.661322644,ZqoKt
2021-05-04 14:48:49.058116232,icatDpm
2021-05-05 08:22:07.454909820,JOniK
2021-05-06 01:55:25.851703406,LzYqb
2021-05-06 19:28:44.248496994,TGgMWxP
2021-05-07 13:02:02.645290580,HPvCRRL
2021-05-08 06:35:21.042084168,ZJvEJxOW
2021-05-09 00:08:39.438877756,mQYAAsAq
2021-05-09 17:41:57.835671342,nqJJDuzJo
2021-05-10 11:15:16.232464930,LSSKmmGcD
2021-05-11 04:48:34.629258516,pDKFUw
2021-05-11 22:21:53.026052104,LLIocQr
2021-05-12 15:55:11.422845690,BUYbLAsKrV
2021-05-13 09:28:29.819639278,kTkyaxo
2021-05-14 03:01:48.216432866,axEaQr
2021-05-14 20:35:06.613226452,vsBuDPOvfw
2021-05-15 14:08:25.010020040,lTMadR
2021-05-16 07:41:43.406813626,PIAyXcfYKK
2021-05-17 01:15:01.803607214,KPqPicGZnM
2021-05-17 18:48:20.200400802,HuNUambEjc
2021-05-18 12:21:38.597194388,XaPloHA
2021-05-19 05:54:56.993987976,kDoiYBSJ
2021-05-19 23:28:15.390781562,zJaMpcF
2021-05-20 17:01:33.787575150,hSRqMNo
2021-05-21 10:34:52.184368736,xOuSTFl
2021-05-22 04:08:10.581162324,IUClZEYOv
2021-05-22 21:41:28.977955912,xcBxBOQ
2021-05-23 15:14:47.374749498,NkTKKqXqY
2021-05-24 08:48:05.771543086,EeQKBBlp
2021-05-25 02:21:24.168336672,TLprH
2021-05-25 19:54:42.565130260,ikImMQr
2021-05-26 13:28:00.961923848,HDWCumfM
2021-05-27 07:01:19.358717434,agpbI
2021-05-28 00:34:37.755511022,qIcEtaeQI
2021-05-28 18:07:56.152304608,TlUkrdbDlZ
2021-05-29 11:41:14.549098196,uYqZKujq
2021-05-30 05:14:32.945891784,wWqxYkjuZ
2021-05-30 22:47:51.342685370,gMOikV
2021-05-31 16:21:09.739478958,kFeCSfXT
2021-06-01 09:54:28.136272544,WQUQxUpT
2021-06-02 03:27:46.533066132,IgKSvq
2021-06-02 21:01:04.929859718,eOzvak
2021-06-03 14:34:23.326653306,xIOfovYf
2021-06-04 08:07:41.723446894,fVFGb
2021-06-05 01:41:00.120240480,UICPCAO
2021-06-05 19:14:18.517034068,dgwDrOfac
2021-06-06 12:47:36.913827654,dHApss
2021-06-07 06:20:55.310621242,mXrnH
2021-06-07 23:54:13.707414830,yvBCcdEyeL
2021-06-08 17:27:32.104208416,NbCSy
2021-06-09 11:00:50.501002004,WuaXnv
2021-06-10 04:34:08.897795590,tdDglQ
2021-06-10 22:07:27.294589178,izVHCLVR
2021-06-11 15:40:45.691382764,QXacHT
2021-06-12 09:14:04.088176352,kzbRcs
2021-06-13 02:47:22.484969940,EaNcAc
2021-06-13 20:20:40.881763526,wfwxMQU
2021-06-14 13:53:59.278557114,LFyRkK
2021-06-15 07:27:17.675350700,cQkGVjGrf
2021-06-16 01:00:36.072144288,CEsraVEKdi
2021-06-16 18:33:54.468937876,YZoOJgMkB
2021-06-17 12:07:12.865731462,yudGAY
2021-06-18 05:40:31.262525050,CrxSQAhNk
2021-06-18 23:13:49.659318636,aSsKrHlZ
2021-06-19 16:47:08.056112224,YNakNwRgY
2021-06-20 10:20:26.452905812,XFDIWQswE
2021-06-21 03:53:44.849699398,JREGMO
2021-06-21 21:27:03.246492986,djSxNXr
2021-06-22 15:00:21.643286572,fXziR
2021-06-23 08:33:40.040080160,plOIHtCtZs
2021-06-24 02:06:58.436873746,SPjwF
2021-06-24 19:40:16.833667334,mTRHpw
2021-06-25 13:13:35.230460922,bIBasYvx
2021-06-26 06:46:53.627254508,ABksC
2021-06-27 00:20:12.024048096,vDhbPm
2021-06-27 17:53:30.420841682,TxIfFuFunH
2021-06-28 11:26:48.817635270,WULJE
2021-06-29 05:00:07.214428858,aEzTt
2021-06-29 22:33:25.611222444,joUewNtXo
2021-06-30 16:06:44.008016032,RiRDAEMD
2021-07-01 09:40:02.404809618,XOZwql
2021-07-02 03:13:20.801603206,oCzwRbe
2021-07-02 20:46:39.198396792,obfLczdqlt
2021-07-03 14:19:57.595190380,saIOF
2021-07-04 07:53:15.991983968,jJsBKZZvkz
2021-07-05 01:26:34.388777554,CUvHPouTYH
2021-07-05 18:59:52.785571142,zuOrsnR
2021-07-06 12:33:11.182364728,vuePpOxhV
2021-07-07 06:06:29.579158316,cUnNC
2021-07-07 23:39:47.975951904,eQdtBWbrlJ
2021-07-08 17:13:06.372745490,uNGrcnZ
2021-07-09 10:46:24.769539078,KzFmtHJQK
2021-07-10 04:19:43.166332664,VhUCtf
2021-07-10 21:53:01.563126252,yPqqXp
2021-07-11 15:26:19.959919840,CtgoiiTqf
2021-07-12 08:59:38.356713426,ZkTQOJdBY
2021-07-13 02:32:56.753507014,YCABcoMzx
2021-07-13 20:06:15.150300600,jzqDbUtbK
2021-07-14 13:39:33.547094188,CnYrFUn
2021-07-15 07:12:51.943887774,UumTlJH
2021-07-16 00:46:10.340681362,jNDsE
2021-07-16 18:19:28.737474950,eMDwBbmFqt
2021-07-17 11:52:47.134268536,CtkVKemZV
2021-07-18 05:26:05.531062124,CjSNfR
2021-07-18 22:59:23.927855710,wbgEkIDuR
2021-07-19 16:32:42.324649298,XBFyKCQmx
2021-07-20 10:06:00.721442886,LBqrmpa
2021-07-21 03:39:19.118236472,YphOfIGph
2021-07-21 21:12:37.515030060,tYmpNMINe
2021-07-22 14:45:55.911823646,mmAhYcUY
2021-07-23 08:19:14.308617234,QRghzN
2021-07-24 01:52:32.705410820,VVrPMaz
2021-07-24 19:25:51.102204408,RqdIu
2021-07-25 12:59:09.498997996,UHCswc
2021-07-26 06:32:27.895791582,WCzak
2021-07-27 00:05:46.292585170,MAzhg
2021-07-27 17:39:04.689378756,EDVpI
2021-07-28 11:12:23.086172344,CKrYvFhj
2021-07-29 04:45:41.482965932,njcQly
2021-07-29 22:18:59.879759520,KnqdJzS
2021-07-30 15:52:18.276553104,ttzVEt
2021-07-31 09:25:36.673346692,jWAqT
2021-08-01 02:58:55.070140280,ZyVgGPFZg
2021-08-01 20:32:13.466933868,PUqWr
2021-08-02 14:05:31.863727456,dNGKumRich
2021-08-03 07:38:50.260521040,qKINhcuhr
2021-08-04 01:12:08.657314628,zOWbIcr
2021-08-04 18:45:27.054108216,MtnkY
2021-08-05 12:18:45.450901804,wCvWYzs
2021-08-06 05:52:03.847695392,FRrEhTGiDi
2021-08-06 23:25:22.244488976,AmKpYhKUY
2021-08-07 16:58:40.641282564,mmSQSRs
2021-08-08 10:31:59.038076152,XfIRfEjYC
2021-08-09 04:05:17.434869740,LlbnclWPk
2021-08-09 21:38:35.831663324,bKJTCFQC
2021-08-10 15:11:54.228456912,DYzRfNd
2021-08-11 08:45:12.625250500,LUQqb
2021-08-12 02:18:31.022044088,KcfrKTZ
2021-08-12 19:51:49.418837676,faXFTuMOf
2021-08-13 13:25:07.815631260,qpuzQi
2021-08-14 06:58:26.212424848,JhDULd
2021-08-15 00:31:44.609218436,kPqUB
2021-08-15 18:05:03.006012024,LhgwQ
2021-08-16 11:38:21.402805612,jgrZueGR
2021-08-17 05:11:39.799599196,PAtKbw
2021-08-17 22:44:58.196392784,pZljT
2021-08-18 16:18:16.593186372,UECprA
2021-08-19 09:51:34.989979960,GekZK
2021-08-20 03:24:53.386773548,QMTyj
2021-08-20 20:58:11.783567132,qfQkeJFsx
2021-08-21 14:31:30.180360720,WcJCzlCgPb
2021-08-22 08:04:48.577154308,OeEadZb
2021-08-23 01:38:06.973947896,Epzhv
2021-08-23 19:11:25.370741484,dZhUSflJU
2021-08-24 12:44:43.767535068,GrLupUFGyJ
2021-08-25 06:18:02.164328656,HsGhwPMY
2021-08-25 23:51:20.561122244,ZBUzW
2021-08-26 17:24:38.957915832,kjExexVAk
2021-08-27 10:57:57.354709420,HCGWx
2021-08-28 04:31:15.751503004,OfDabafnLn
2021-08-28 22:04:34.148296592,jJXlCvdUAJ
2021-08-29 15:37:52.545090180,YTyNZlICMo
2021-08-30 09:11:10.941883768,alVGhJlw
2021-08-31 02:44:29.338677352,GnkQUqU
2021-08-31 20:17:47.735470940,hVhRF
2021-09-01 13:51:06.132264528,eLFLPdlkX
2021-09-02 07:24:24.529058116,EXcvHsK
2021-09-03 00:57:42.925851704,XTQwj
2021-09-03 18:31:01.322645288,uVJkEPU
2021-09-04 12:04:19.719438876,wxidXrV
2021-09-05 05:37:38.116232464,gnOBuy
2021-09-05 23:10:56.513026052,oLjvXjb
2021-09-06 16:44:14.909819640,TVCvbN
2021-09-07 10:17:33.306613224,mVQGpHbCCt
2021-09-08 03:50:51.703406812,bvQbnTSBtB
2021-09-08 21:24:10.100200400,fWWEbZDf
2021-09-09 14:57:28.496993988,nEdxS
2021-09-10 08:30:46.893787576,jYwTRsQgD
2021-09-11 02:04:05.290581160,RLyWZSsFm
2021-09-11 19:37:23.687374748,HUYNVPtIfH
2021-09-12 13:10:42.084168336,okXlma
2021-09-13 06:44:00.480961924,bfHAkrBK
2021-09-14 00:17:18.877755512,NvJByFUPyI
2021-09-14 17:50:37.274549096,WdSzre
2021-09-15 11:23:55.671342684,yGHGbBwwLV
2021-09-16 04:57:14.068136272,tmsMt
2021-09-16 22:30:32.464929860,PQKXffpnL
2021-09-17 16:03:50.861723448,vTSKP
2021-09-18 09:37:09.258517032,LZCVOn
2021-09-19 03:10:27.655310620,cTQfZfD
2021-09-19 20:43:46.052104208,QOUVgAGhU
2021-09-20 14:17:04.448897796,hLecJlp
2021-09-21 07:50:22.845691380,nWmMtEBQBM
2021-09-22 01:23:41.242484968,cMUWA
2021-09-22 18:56:59.639278556,WKDTga
2021-09-23 12:30:18.036072144,sDEqPfyw
2021-09-24 06:03:36.432865732,NZQSjksV
2021-09-24 23:36:54.829659316,PyuGzocx
2021-09-25 17:10:13.226452904,lGyHC
2021-09-26 10:43:31.623246492,JpUfvfYH
2021-09-27 04:16:50.020040080,WBIFxsD
2021-09-27 21:50:08.416833668,YRlwVSgD
2021-09-28 15:23:26.813627252,xqPBnkMr
2021-09-29 08:56:45.210420840,jRgRvW
2021-09-30 02:30:03.607214428,cnznSXp
2021-09-30 20:03:22.004008016,ovkjhc
2021-10-01 13:36:40.400801604,UKOVGH
2021-10-02 07:09:58.797595188,WOSsbhGfC
2021-10-03 00:43:17.194388776,yQtLBdJmLc
2021-10-03 18:16:35.591182364,eeryXCCvKz
2021-10-04 11:49:53.987975952,WfBjvEki
2021-10-05 05:23:12.384769540,xHXUMETJr
2021-10-05 22:56:30.781563124,cLBZlLcqH
2021-10-06 16:29:49.178356712,AwvlGIhB
2021-10-07 10:03:07.575150300,RNQnLrx
2021-10-08 03:36:25.971943888,kZllDyNuW
2021-10-08 21:09:44.368737472,tRDBhMnBI
2021-10-09 14:43:02.765531060,zkyTKF
2021-10-10 08:16:21.162324648,WcGjP
2021-10-11 01:49:39.559118236,xmNTMQDy
2021-10-11 19:22:57.955911824,GXRazHpNA
2021-10-12 12:56:16.352705408,ahZihpWzc
2021-10-13 06:29:34.749498996,PfVAxWi
2021-10-14 00:02:53.146292584,vHgsIe
2021-10-14 17:36:11.543086172,TujzzLrFUy
2021-10-15 11:09:29.939879760,YRVgutHSs
2021-10-16 04:42:48.336673344,CxXkEsk
2021-10-16 22:16:06.733466932,AunQUm
2021-10-17 15:49:25.130260520,vIlmBYc
2021-10-18 09:22:43.527054108,tgDDGMPYnU
2021-10-19 02:56:01.923847696,lqYrYYzfey
2021-10-19 20:29:20.320641280,OLjnIAod
2021-10-20 14:02:38.717434868,LgycXfaJQ
2021-10-21 07:35:57.114228456,dMjNni
2021-10-22 01:09:15.511022044,xPtuxJn
2021-10-22 18:42:33.907815632,jeQZx
2021-10-23 12:15:52.304609216,xUZWNkP
2021-10-24 05:49:10.701402804,txzupGSN
2021-10-24 23:22:29.098196392,FYSKEBo
2021-10-25 16:55:47.494989980,MiPOlKtc
2021-10-26 10:29:05.891783568,lOdptymI
2021-10-27 04:02:24.288577152,GfqhpNmM
2021-10-27 21:35:42.685370740,JbzZabPo
2021-10-28 15:09:01.082164328,nYuhNXB
2021-10-29 08:42:19.478957916,wRjeEkoxAO
2021-10-30 02:15:37.875751500,TmkwwHafQD
2021-10-30 19:48:56.272545088,yIKbAvrI
2021-10-31 13:22:14.669338676,HSXXNxr
2021-11-01 06:55:33.066132264,OSoIGfKpy
2021-11-02 00:28:51.462925852,vfmIuwxp
2021-11-02 18:02:09.859719436,vSFwpx
2021-11-03 11:35:28.256513024,AXFSIAZ
2021-11-04 05:08:46.653306612,yACFI
2021-11-04 22:42:05.050100200,HVyUt
2021-11-05 16:15:23.446893788,iClKzv
2021-11-06 09:48:41.843687372,nHaRtT
2021-11-07 03:22:00.240480960,vARvEMOGnv
2021-11-07 20:55:18.637274548,AIOHn
2021-11-08 14:28:37.034068136,jSpZahQvoa
2021-11-09 08:01:55.430861724,ZVkXy
2021-11-10 01:35:13.827655308,viIStex
2021-11-10 19:08:32.224448896,gLJIUX
2021-11-11 12:41:50.621242484,rZQnQT
2021-11-12 06:15:09.018036072,ktxXi
2021-11-12 23:48:27.414829660,DdfRCujf
2021-11-13 17:21:45.811623244,wsvJZzz
2021-11-14 10:55:04.208416832,OwRupXaBE
2021-11-15 04:28:22.605210420,kqkWbBgpcL
2021-11-15 22:01:41.002004008,IWGhUBdxpL
2021-11-16 15:34:59.398797596,HRmilIYMM
2021-11-17 09:08:17.795591180,ystUZQpPa
2021-11-18 02:41:36.192384768,AFytIlNBX
2021-11-18 20:14:54.589178356,HQPJHzDBPA
2021-11-19 13:48:12.985971944,UhbYbnaZe
2021-11-20 07:21:31.382765528,vhvoh
2021-11-21 00:54:49.779559116,WSUlNWq
2021-11-21 18:28:08.176352704,NkFXRJUX
2021-11-22 12:01:26.573146292,ySTxt
2021-11-23 05:34:44.969939880,bGrRP
2021-11-23 23:08:03.366733464,PJffcXsYqE
2021-11-24 16:41:21.763527052,KpWNqbVvHD
2021-11-25 10:14:40.160320640,ahGYVhHS
2021-11-26 03:47:58.557114228,FDJuIWQL
2021-11-26 21:21:16.953907816,oxfBYzVA
2021-11-27 14:54:35.350701400,cTVadS
2021-11-28 08:27:53.747494988,OybsyIawaQ
2021-11-29 02:01:12.144288576,XElzFQMA
2021-11-29 19:34:30.541082164,DlrsxxU
2021-11-30 13:07:48.937875752,VOTMYyPAzP
2021-12-01 06:41:07.334669336,zexHjeUFEB
2021-12-02 00:14:25.731462924,XhZzkODiB
2021-12-02 17:47:44.128256512,LSDMDAcgHR
2021-12-03 11:21:02.525050100,GoyZOsg
2021-12-04 04:54:20.921843688,VHtbDPOcSA
2021-12-04 22:27:39.318637272,EGOIdR
2021-12-05 16:00:57.715430860,XtTETn
2021-12-06 09:34:16.112224448,HAORoqEUFB
2021-12-07 03:07:34.509018036,lczrEpQ
2021-12-07 20:40:52.905811624,iBEqSJn
2021-12-08 14:14:11.302605208,UwzcHsCwru
2021-12-09 07:47:29.699398796,dHfvg
2021-12-10 01:20:48.096192384,zoPtT
2021-12-10 18:54:06.492985972,YcupSlMGS
2021-12-11 12:27:24.889779556,CTueNapiLx
2021-12-12 06:00:43.286573144,GFvmB
2021-12-12 23:34:01.683366732,AUTTLlPMox
2021-12-13 17:07:20.080160320,OvPtUa
2021-12-14 10:40:38.476953908,IyWdUA
2021-12-15 04:13:56.873747492,XCcQIMHLgC
2021-12-15 21:47:15.270541080,BGmTr
2021-12-16 15:20:33.667334668,AKTnCTFCBb
2021-12-17 08:53:52.064128256,gQbJBkPXM
2021-12-18 02:27:10.460921844,hIvco
2021-12-18 20:00:28.857715428,kTsRSmqbn
2021-12-19 13:33:47.254509016,UaeyWW
2021-12-20 07:07:05.651302604,pgrRCo
2021-12-21 00:40:24.048096192,rWYhgpn
2021-12-21 18:13:42.444889780,FNicjz
2021-12-22 11:47:00.841683364,LipEfnDOh
2021-12-23 05:20:19.238476952,zlhaWVe
2021-12-23 22:53:37.635270540,PzahkLc
2021-12-24 16:26:56.032064128,alesz
2021-12-25 10:00:14.428857716,zjJyy
2021-12-26 03:33:32.825651300,FGEkNDc
2021-12-26 21:06:51.222444888,zNbfQxB
2021-12-27 14:40:09.619238476,wTxpGYVjn
2021-12-28 08:13:28.016032064,JxFISL
2021-12-29 01:46:46.412825652,JmjRQpz
2021-12-29 19:20:04.809619236,TrwLf
2021-12-30 12:53:23.206412824,FyeaaWl
2021-12-31 06:26:41.603206412,NJqoqtI
2022-01-01 00:00:00.000000000,yxEpTyrOCc
2022-01-01 17:33:18.396793584,uwgpMVHTq
2022-01-02 11:06:36.793587172,kVROCUpCy
2022-01-03 04:39:55.190380760,FyBzLBO
2022-01-03 22:13:13.587174348,iGpXmjft
2022-01-04 15:46:31.983967936,tSHQvvg
2022-01-05 09:19:50.380761520,OehGwM
2022-01-06 02:53:08.777555108,ahbQgvUsDn
2022-01-06 20:26:27.174348696,dcDWdh
2022-01-07 13:59:45.571142284,rLraNHHJn
2022-01-08 07:33:03.967935872,zytwnHkj
2022-01-09 01:06:22.364729456,YrHALLb
2022-01-09 18:39:40.761523044,zLZAYKa
2022-01-10 12:12:59.158316632,mYoAUzRa
2022-01-11 05:46:17.555110220,SBvUWfiwA
2022-01-11 23:19:35.951903808,hqXPdvu
2022-01-12 16:52:54.348697392,ExWcuVBCJA
2022-01-13 10:26:12.745490980,fOjmCzFaWJ
2022-01-14 03:59:31.142284568,QsgJOA
2022-01-14 21:32:49.539078156,JOvlI
2022-01-15 15:06:07.935871744,oMLpIctEeq
2022-01-16 08:39:26.332665328,VbHTz
2022-01-17 02:12:44.729458916,HlctSbj
2022-01-17 19:46:03.126252504,stzmQFZhS
2022-01-18 13:19:21.523046092,LkIuTmmW
2022-01-19 06:52:39.919839680,wLPcyddak
2022-01-20 00:25:58.316633264,rXoxDPbmh
2022-01-20 17:59:16.713426852,eYDJTd
2022-01-21 11:32:35.110220440,jebfwsEvi
2022-01-22 05:05:53.507014028,tnkeLVFZ
2022-01-22 22:39:11.903807612,GbOfbdhCau
2022-01-23 16:12:30.300601200,puUdMV
2022-01-24 09:45:48.697394788,tYgudk
2022-01-25 03:19:07.094188376,RmhpPVLJxz
2022-01-25 20:52:25.490981964,FunQwa
2022-01-26 14:25:43.887775548,RHxwIwweYA
2022-01-27 07:59:02.284569136,bLYCsbfzOD
2022-01-28 01:32:20.681362724,gatXFwxQf
2022-01-28 19:05:39.078156312,RBNvRjP
2022-01-29 12:38:57.474949900,rbVZmc
2022-01-30 06:12:15.871743484,DnFvR
2022-01-30 23:45:34.268537072,uWMWOxTIsg
2022-01-31 17:18:52.665330660,mMKZa
2022-02-01 10:52:11.062124248,pDtJYnP
2022-02-02 04:25:29.458917836,wYbqM
2022-02-02 21:58:47.855711420,haAsuBz
2022-02-03 15:32:06.252505008,pOdITCREHc
2022-02-04 09:05:24.649298596,QQtgUXY
2022-02-05 02:38:43.046092184,qGNBcs
2022-02-05 20:12:01.442885772,FllAYj
2022-02-06 13:45:19.839679356,PQRzRWctfd
2022-02-07 07:18:38.236472944,mcctgBokw
2022-02-08 00:51:56.633266532,FtWpanZyS
2022-02-08 18:25:15.030060120,cVuXaIQOG
2022-02-09 11:58:33.426853708,daEJkX
2022-02-10 05:31:51.823647292,NiVrbSMR
2022-02-10 23:05:10.220440880,fyply
2022-02-11 16:38:28.617234468,NcLfGrw
2022-02-12 10:11:47.014028056,cZgLWhAo
2022-02-13 03:45:05.410821640,rEqGYT
2022-02-13 21:18:23.807615228,JVOmify
2022-02-14 14:51:42.204408816,LvbSZfE
2022-02-15 08:25:00.601202404,LOCBxJUffd
2022-02-16 01:58:18.997995992,pLAXyz
2022-02-16 19:31:37.394789576,VcRSUzlB
2022-02-17 13:04:55.791583164,WnXgIaiDpj
2022-02-18 06:38:14.188376752,xhWZAMc
2022-02-19 00:11:32.585170340,iKjlf
2022-02-19 17:44:50.981963928,vTUwhC
2022-02-20 11:18:09.378757512,NZvQvCLmTS
2022-02-21 04:51:27.775551100,zKqgFBO
2022-02-21 22:24:46.172344688,BrHHwhhF
2022-02-22 15:58:04.569138272,aSyPSZ
2022-02-23 09:31:22.965931864,LtDZC
2022-02-24 03:04:41.362725448,vcHwsfdm
2022-02-24 20:37:59.759519040,PKGqnUI
2022-02-25 14:11:18.156312624,DqwUq
2022-02-26 07:44:36.553106208,YpziSlQ
2022-02-27 01:17:54.949899800,vYPIQcOXco
2022-02-27 18:51:13.346693384,KXppO
2022-02-28 12:24:31.743486976,hRCzQ
2022-03-01 05:57:50.140280560,QNwmrvne
2022-03-01 23:31:08.537074144,TOwMrxG
2022-03-02 17:04:26.933867736,YfrWVQugS
2022-03-03 10:37:45.330661320,VWvpthG
2022-03-04 04:11:03.727454912,LMSSuqIs
2022-03-04 21:44:22.124248496,VWnNq
2022-03-05 15:17:40.521042080,pyFRvlIE
2022-03-06 08:50:58.917835672,chzQfrakKw
2022-03-07 02:24:17.314629256,mokGPp
2022-03-07 19:57:35.711422848,MQSaELWkEi
2022-03-08 13:30:54.108216432,PHOsqOB
2022-03-09 07:04:12.505010016,hdwIvDo
2022-03-10 00:37:30.901803608,iUulfmT
2022-03-10 18:10:49.298597192,gODjeoXK
2022-03-11 11:44:07.695390784,wvKcWgLGRE
2022-03-12 05:17:26.092184368,dhYhxAA
2022-03-12 22:50:44.488977952,OQyfYEeF
2022-03-13 16:24:02.885771544,kKeeytClt
2022-03-14 09:57:21.282565128,CobBdKkxK
2022-03-15 03:30:39.679358712,qFZVTlMvG
2022-03-15 21:03:58.076152304,ltEzpusTVU
2022-03-16 14:37:16.472945888,aSJWkgFyOV
2022-03-17 08:10:34.869739480,SDRoTNKUL
2022-03-18 01:43:53.266533064,pltwVetaj
2022-03-18 19:17:11.663326648,geUgCOT
2022-03-19 12:50:30.060120240,KHUflv
2022-03-20 06:23:48.456913824,VOhBPeYS
2022-03-20 23:57:06.853707416,tncEEEHhyo
2022-03-21 17:30:25.250501000,nhbNQ
2022-03-22 11:03:43.647294584,YYCHZ
2022-03-23 04:37:02.044088176,CGRLk
2022-03-23 22:10:20.440881760,zUYKtUEym
2022-03-24 15:43:38.837675352,BRhwkCe
2022-03-25 09:16:57.234468936,LZavTJlUX
2022-03-26 02:50:15.631262520,TGGeHNvI
2022-03-26 20:23:34.028056112,gZDYL
2022-03-27 13:56:52.424849696,AbWaqaYEI
2022-03-28 07:30:10.821643288,AlqMX
2022-03-29 01:03:29.218436872,Ionpc
2022-03-29 18:36:47.615230456,xlZCfUyOqs
2022-03-30 12:10:06.012024048,DFLQFBnG
2022-03-31 05:43:24.408817632,eAeFz
2022-03-31 23:16:42.805611224,IvQNHtyV
2022-04-01 16:50:01.202404808,pIkRdWiKw
2022-04-02 10:23:19.599198392,WmPFAb
2022-04-03 03:56:37.995991984,xVngDzMAFK
2022-04-03 21:29:56.392785568,XQNSo
2022-04-04 15:03:14.789579160,dfTGrcl
2022-04-05 08:36:33.186372744,vCoplfBzHa
2022-04-06 02:09:51.583166328,wHeaAWPu
2022-04-06 19:43:09.979959920,EKedBKa
2022-04-07 13:16:28.376753504,XZzQsvwI
2022-04-08 06:49:46.773547096,jjLihrwg
2022-04-09 00:23:05.170340680,xvXrccBl
2022-04-09 17:56:23.567134264,bjuRmwa
2022-04-10 11:29:41.963927856,zvmGG
2022-04-11 05:03:00.360721440,UjKiiJF
2022-04-11 22:36:18.757515032,xteQHNElt
2022-04-12 16:09:37.154308616,oNQIYH
2022-04-13 09:42:55.551102200,NOZPfQEAVW
2022-04-14 03:16:13.947895792,ugbLBy
2022-04-14 20:49:32.344689376,kyBfohomHz
2022-04-15 14:22:50.741482968,bclYsD
2022-04-16 07:56:09.138276552,knxqHfm
2022-04-17 01:29:27.535070136,psExgQquuy
2022-04-17 19:02:45.931863728,oVClhXqmT
2022-04-18 12:36:04.328657312,EWtzeryD
2022-04-19 06:09:22.725450904,geOoUM
2022-04-19 23:42:41.122244488,WrnCfnR
2022-04-20 17:15:59.519038072,QRqmI
2022-04-21 10:49:17.915831664,zOXLrkyfu
2022-04-22 04:22:36.312625248,BseBeg
2022-04-22 21:55:54.709418840,VGBjBe
2022-04-23 15:29:13.106212424,IfRHA
2022-04-24 09:02:31.503006008,ieIXFQvt
2022-04-25 02:35:49.899799600,UpcWtZ
2022-04-25 20:09:08.296593184,GworR
2022-04-26 13:42:26.693386768,rtFpc
2022-04-27 07:15:45.090180360,YhFlGeZ
2022-04-28 00:49:03.486973944,JahfcIC
2022-04-28 18:22:21.883767536,VryNRmiRIL
2022-04-29 11:55:40.280561120,LpgMTw
2022-04-30 05:28:58.677354704,nZPFN
2022-04-30 23:02:17.074148296,AuGkBHIylL
2022-05-01 16:35:35.470941880,MsAySsdhFH
2022-05-02 10:08:53.867735472,aUQYnBNPF
2022-05-03 03:42:12.264529056,GweKdg
2022-05-03 21:15:30.661322640,KZiAW
2022-05-04 14:48:49.058116232,oWheaTXOIJ
2022-05-05 08:22:07.454909816,ILPOpiF
2022-05-06 01:55:25.851703408,RrYowaUm
2022-05-06 19:28:44.248496992,hcEXcX
2022-05-07 13:02:02.645290576,LjdiRqeBO
2022-05-08 06:35:21.042084168,PvFcpynoSC
2022-05-09 00:08:39.438877752,fnxtKzhF
2022-05-09 17:41:57.835671344,bFYMTWT
2022-05-10 11:15:16.232464928,bPVDeqeZw
2022-05-11 04:48:34.629258512,XvbDMi
2022-05-11 22:21:53.026052104,HmaKME
2022-05-12 15:55:11.422845688,pDxWtDWyy
2022-05-13 09:28:29.819639280,xdUZKEVCj
2022-05-14 03:01:48.216432864,vSzpViY
2022-05-14 20:35:06.613226448,HCbnhJfHM
2022-05-15 14:08:25.010020040,bGjtzswvg
2022-05-16 07:41:43.406813624,iOlwkwFT
2022-05-17 01:15:01.803607216,TSuJLUZTcI
2022-05-17 18:48:20.200400800,YwKAeui
2022-05-18 12:21:38.597194384,QlIhwWQopD
2022-05-19 05:54:56.993987976,uNdFSex
2022-05-19 23:28:15.390781560,HCZfY
2022-05-20 17:01:33.787575152,fUbfFTvKQ
2022-05-21 10:34:52.184368736,XPNSypD
2022-05-22 04:08:10.581162320,OGjozCSV
2022-05-22 21:41:28.977955912,qomPlJKI
2022-05-23 15:14:47.374749496,MkwdVWOBoc
2022-05-24 08:48:05.771543088,FENmYgMQAL
2022-05-25 02:21:24.168336672,RCbFFAcGjl
2022-05-25 19:54:42.565130256,UYmqKuAu
2022-05-26 13:28:00.961923848,jvciE
2022-05-27 07:01:19.358717432,fVEkyzuOFm
2022-05-28 00:34:37.755511024,zgvsnW
2022-05-28 18:07:56.152304608,QmNRiOY
2022-05-29 11:41:14.549098192,FcxRiv
2022-05-30 05:14:32.945891784,zVcdwm
2022-05-30 22:47:51.342685368,xcrDfaN
2022-05-31 16:21:09.739478960,yObUwrW
2022-06-01 09:54:28.136272544,VeBsXvEFq
2022-06-02 03:27:46.533066128,jBxUjbou
2022-06-02 21:01:04.929859720,VhVeEiMul
2022-06-03 14:34:23.326653304,WQrzeBYW
2022-06-04 08:07:41.723446896,ZCpwMj
2022-06-05 01:41:00.120240480,munluNUhi
2022-06-05 19:14:18.517034064,uMxGINB
2022-06-06 12:47:36.913827656,DfCjioFsRG
2022-06-07 06:20:55.310621240,tqZcMxGEO
2022-06-07 23:54:13.707414824,ADqkTYwB
2022-06-08 17:27:32.104208416,JXAUkT
2022-06-09 11:00:50.501002000,DepNCKE
2022-06-10 04:34:08.897795592,dAJXzaKdz
2022-06-10 22:07:27.294589176,uaPAaYNz
2022-06-11 15:40:45.691382760,uWvIz
2022-06-12 09:14:04.088176352,sBiRG
2022-06-13 02:47:22.484969936,UFUzA
2022-06-13 20:20:40.881763528,FqmFF
2022-06-14 13:53:59.278557112,Nxzoj
2022-06-15 07:27:17.675350696,PZMVxxMyK
2022-06-16 01:00:36.072144288,rNMwLZ
2022-06-16 18:33:54.468937872,BCVWuPylF
2022-06-17 12:07:12.865731464,wgaKUOq
2022-06-18 05:40:31.262525048,LJfzm
2022-06-18 23:13:49.659318632,XtJIvt
2022-06-19 16:47:08.056112224,JrrBbOULou
2022-06-20 10:20:26.452905808,TQqHyBYxQQ
2022-06-21 03:53:44.849699400,bMmsOyYhF
2022-06-21 21:27:03.246492984,JmkCUmro
2022-06-22 15:00:21.643286568,FjZSzP
2022-06-23 08:33:40.040080160,IblQNjxG
2022-06-24 02:06:58.436873744,drDqX
2022-06-24 19:40:16.833667336,cuCNLM
2022-06-25 13:13:35.230460920,SXYJGAHUc
2022-06-26 06:46:53.627254504,JPIDTX
2022-06-27 00:20:12.024048096,WHyriF
2022-06-27 17:53:30.420841680,moKewCdGcU
2022-06-28 11:26:48.817635272,dmoaL
2022-06-29 05:00:07.214428856,nQvMPXmUc
2022-06-29 22:33:25.611222440,EtoPWIgu
2022-06-30 16:06:44.008016032,lvsRNvYgi
2022-07-01 09:40:02.404809616,MJDWyVVti
2022-07-02 03:13:20.801603208,qMlldW
2022-07-02 20:46:39.198396792,miTsG
2022-07-03 14:19:57.595190376,MCclHSlt
2022-07-04 07:53:15.991983968,DyydemvIu
2022-07-05 01:26:34.388777552,tWDCulcUwv
2022-07-05 18:59:52.785571144,Ejwsa
2022-07-06 12:33:11.182364728,SLacVHlK
2022-07-07 06:06:29.579158312,GadwMFjyqQ
2022-07-07 23:39:47.975951904,xKqHZftxmw
2022-07-08 17:13:06.372745488,BedvikuSUS
2022-07-09 10:46:24.769539080,zMaFZnjZ
2022-07-10 04:19:43.166332664,cSDISQ
2022-07-10 21:53:01.563126248,IpRNfTGA
2022-07-11 15:26:19.959919840,Kpwxd
2022-07-12 08:59:38.356713424,gFDpxj
2022-07-13 02:32:56.753507016,rudpehDFCS
2022-07-13 20:06:15.150300600,EaaDYEWgDr
2022-07-14 13:39:33.547094184,wGLMPHWCT
2022-07-15 07:12:51.943887776,JGsDyf
2022-07-16 00:46:10.340681360,LaaGR
2022-07-16 18:19:28.737474944,yCiTIKthB
2022-07-17 11:52:47.134268536,zhOEMNfvy
2022-07-18 05:26:05.531062120,LIjkg
2022-07-18 22:59:23.927855712,yFzdbN
2022-07-19 16:32:42.324649296,GUeiNZyt
2022-07-20 10:06:00.721442880,rsHvKN
2022-07-21 03:39:19.118236472,FcmsjAvm
2022-07-21 21:12:37.515030056,axpnWq
2022-07-22 14:45:55.911823648,iQnlmwWZtY
2022-07-23 08:19:14.308617232,PbCHb
2022-07-24 01:52:32.705410816,mHgIeRl
2022-07-24 19:25:51.102204408,uzxbKeXm
2022-07-25 12:59:09.498997992,GxeRV
2022-07-26 06:32:27.895791584,OmiEC
2022-07-27 00:05:46.292585168,PIBisL
2022-07-27 17:39:04.689378752,NJgEsYuSG
2022-07-28 11:12:23.086172344,EbTwiOmGn
2022-07-29 04:45:41.482965928,EVeZIbyku
2022-07-29 22:18:59.879759520,dQARgu
2022-07-30 15:52:18.276553104,avMDAhmG
2022-07-31 09:25:36.673346688,eNyQvWmi
2022-08-01 02:58:55.070140280,nqkGCdEK
2022-08-01 20:32:13.466933864,DYTwd
2022-08-02 14:05:31.863727456,aRkLs
2022-08-03 07:38:50.260521040,zGKLaWmIyo
2022-08-04 01:12:08.657314624,EdTroOTmfD
2022-08-04 18:45:27.054108216,XWRxfMmUB
2022-08-05 12:18:45.450901800,DdWedsU
2022-08-06 05:52:03.847695392,fVbCyQSnAW
2022-08-06 23:25:22.244488976,FaPXKm
2022-08-07 16:58:40.641282560,NuyyP
2022-08-08 10:31:59.038076152,lPuwH
2022-08-09 04:05:17.434869736,IBlPvIiS
2022-08-09 21:38:35.831663328,OVxSKN
2022-08-10 15:11:54.228456912,UWXWIZjxh
2022-08-11 08:45:12.625250496,pkEeql
2022-08-12 02:18:31.022044088,DYDGQvdub
2022-08-12 19:51:49.418837672,XHHaqOEvdh
2022-08-13 13:25:07.815631264,WjlnkSca
2022-08-14 06:58:26.212424848,KYaKvLQ
2022-08-15 00:31:44.609218432,bSlJSXA
2022-08-15 18:05:03.006012024,inyooxMH
2022-08-16 11:38:21.402805608,rUSnuO
2022-08-17 05:11:39.799599200,JGiJfE
2022-08-17 22:44:58.196392784,eYwsUmr
2022-08-18 16:18:16.593186368,JCpos
2022-08-19 09:51:34.989979960,PBUfS
2022-08-20 03:24:53.386773544,qtojI
2022-08-20 20:58:11.783567136,mWRpY
2022-08-21 14:31:30.180360720,qXZnNh
2022-08-22 08:04:48.577154304,maGcrEQ
2022-08-23 01:38:06.973947896,IMwyjbm
2022-08-23 19:11:25.370741480,nEVqWstfhI
2022-08-24 12:44:43.767535072,gEpfUSev
2022-08-25 06:18:02.164328656,bbylG
2022-08-25 23:51:20.561122240,eIeivGWFs
2022-08-26 17:24:38.957915832,USaSDdzvy
2022-08-27 10:57:57.354709416,xCtKkvBMv
2022-08-28 04:31:15.751503000,bVDdXbIorF
2022-08-28 22:04:34.148296592,ejHUL
2022-08-29 15:37:52.545090176,CyynDJ
2022-08-30 09:11:10.941883768,aRpbOMr
2022-08-31 02:44:29.338677352,wbsXsk
2022-08-31 20:17:47.735470936,ckPdrhLkDS
2022-09-01 13:51:06.132264528,eqMmZWPgq
2022-09-02 07:24:24.529058112,FwTwnfcBB
2022-09-03 00:57:42.925851704,nkROxztMi
2022-09-03 18:31:01.322645288,sSfWLJ
2022-09-04 12:04:19.719438872,WLtpT
2022-09-05 05:37:38.116232464,ovGuPw
2022-09-05 23:10:56.513026048,iJayTDdt
2022-09-06 16:44:14.909819640,IOaPWp
2022-09-07 10:17:33.306613224,AlZvpbwlPN
2022-09-08 03:50:51.703406808,tzcPwIx
2022-09-08 21:24:10.100200400,zqIZkbyi
2022-09-09 14:57:28.496993984,oPNYbBP
2022-09-10 08:30:46.893787576,uotWzbDGue
2022-09-11 02:04:05.290581160,AhKiROcudJ
2022-09-11 19:37:23.687374744,ZfPDm
2022-09-12 13:10:42.084168336,dgMCAp
2022-09-13 06:44:00.480961920,OplfcU
2022-09-14 00:17:18.877755512,jUNbr
2022-09-14 17:50:37.274549096,aDBgsNiDn
2022-09-15 11:23:55.671342680,QyqKgHAKl
2022-09-16 04:57:14.068136272,muIvCDu
2022-09-16 22:30:32.464929856,YpMNpY
2022-09-17 16:03:50.861723448,YMCFAUs
2022-09-18 09:37:09.258517032,jDHJS
2022-09-19 03:10:27.655310616,iIdhQ
2022-09-19 20:43:46.052104208,FCVtbLs
2022-09-20 14:17:04.448897792,SdHnsNNx
2022-09-21 07:50:22.845691384,DoWpsIt
2022-09-22 01:23:41.242484968,NhXim
2022-09-22 18:56:59.639278552,WfDtUjxruB
2022-09-23 12:30:18.036072144,jPodLqxl
2022-09-24 06:03:36.432865728,Ldwchd
2022-09-24 23:36:54.829659320,EiDcYXsZ
2022-09-25 17:10:13.226452904,VmZfGU
2022-09-26 10:43:31.623246488,LsBLelxO
2022-09-27 04:16:50.020040080,DYqfCcGMKg
2022-09-27 21:50:08.416833664,SOihJC
2022-09-28 15:23:26.813627256,xNoQhsNpST
2022-09-29 08:56:45.210420840,FIftzBdlo
2022-09-30 02:30:03.607214424,mfvYuiUO
2022-09-30 20:03:22.004008016,DGXHWgf
2022-10-01 13:36:40.400801600,DVSAkEjOZ
2022-10-02 07:09:58.797595192,JuwHtocCAi
2022-10-03 00:43:17.194388776,iIKtKY
2022-10-03 18:16:35.591182360,bwfXyFFll
2022-10-04 11:49:53.987975952,VJGDOgPK
2022-10-05 05:23:12.384769536,RjxsyCrq
2022-10-05 22:56:30.781563128,OlFrmlkTD
2022-10-06 16:29:49.178356712,tTFinVxwi
2022-10-07 10:03:07.575150296,BFfPVwFzu
2022-10-08 03:36:25.971943888,fLoapA
2022-10-08 21:09:44.368737472,MzxrHQSdNZ
2022-10-09 14:43:02.765531056,XGqCozXzyn
2022-10-10 08:16:21.162324648,aZFwU
2022-10-11 01:49:39.559118232,sUJgcr
2022-10-11 19:22:57.955911824,BERHzn
2022-10-12 12:56:16.352705408,nUYmaj
2022-10-13 06:29:34.749498992,QizoFQ
2022-10-14 00:02:53.146292584,uBAtonXjn
2022-10-14 17:36:11.543086168,TitEipm
2022-10-15 11:09:29.939879760,xKzjD
2022-10-16 04:42:48.336673344,NlHjuNLY
2022-10-16 22:16:06.733466928,AQbvRFxNG
2022-10-17 15:49:25.130260520,Okklf
2022-10-18 09:22:43.527054104,bCHGkPNpHI
2022-10-19 02:56:01.923847696,pKYzCMIFP
2022-10-19 20:29:20.320641280,RCJDnZbC
2022-10-20 14:02:38.717434864,qZfPH
2022-10-21 07:35:57.114228456,taLrNly
2022-10-22 01:09:15.511022040,TfhDyGbbo
2022-10-22 18:42:33.907815632,Mwlbx
2022-10-23 12:15:52.304609216,ofhimX
2022-10-24 05:49:10.701402800,FsefPD
2022-10-24 23:22:29.098196392,dhUkNWQl
2022-10-25 16:55:47.494989976,eJknZBi
2022-10-26 10:29:05.891783568,IOGWm
2022-10-27 04:02:24.288577152,ygEscyPH
2022-10-27 21:35:42.685370736,TxxRuyOKrk
2022-10-28 15:09:01.082164328,kNTkxL
2022-10-29 08:42:19.478957912,vunpujkeSD
2022-10-30 02:15:37.875751504,snGipOFw
2022-10-30 19:48:56.272545088,GuTdt
2022-10-31 13:22:14.669338672,TEvqIncKn
2022-11-01 06:55:33.066132264,yZZAzKLV
2022-11-02 00:28:51.462925848,LXfnrhXPsD
2022-11-02 18:02:09.859719440,rTRfIfHoU
2022-11-03 11:35:28.256513024,ayhZOHrwX
2022-11-04 05:08:46.653306608,aSIvXyCMfR
2022-11-04 22:42:05.050100200,rygElfqmD
2022-11-05 16:15:23.446893784,CYtSah
2022-11-06 09:48:41.843687376,IHHBiYXG
2022-11-07 03:22:00.240480960,TNzAzkItt
2022-11-07 20:55:18.637274544,DhdPwA
2022-11-08 14:28:37.034068136,NqtGqvHs
2022-11-09 08:01:55.430861720,wdghRsnx
2022-11-10 01:35:13.827655312,jBzuKSI
2022-11-10 19:08:32.224448896,YvBFd
2022-11-11 12:41:50.621242480,msCQOYz
2022-11-12 06:15:09.018036072,WjMYttmAX
2022-11-12 23:48:27.414829656,LHzPzyevCN
2022-11-13 17:21:45.811623248,JEbopo
2022-11-14 10:55:04.208416832,vYJEdJsIn
2022-11-15 04:28:22.605210416,tpaXPwl
2022-11-15 22:01:41.002004008,vacgb
2022-11-16 15:34:59.398797592,cLGINpO
2022-11-17 09:08:17.795591184,RZNIXZoV
2022-11-18 02:41:36.192384768,TUujHU
2022-11-18 20:14:54.589178352,vItwO
2022-11-19 13:48:12.985971944,NfLWc
2022-11-20 07:21:31.382765528,xbsMWZJe
2022-11-21 00:54:49.779559112,uBJrEuJ
2022-11-21 18:28:08.176352704,mwjrcPHj
2022-11-22 12:01:26.573146288,qgvda
2022-11-23 05:34:44.969939880,WsIuPZ
2022-11-23 23:08:03.366733464,PIXzA
2022-11-24 16:41:21.763527048,juftamesV
2022-11-25 10:14:40.160320640,odJjyMpTde
2022-11-26 03:47:58.557114224,uokgK
2022-11-26 21:21:16.953907816,ukocrdBCb
2022-11-27 14:54:35.350701400,qamFtdCGk
2022-11-28 08:27:53.747494984,OvzNjC
2022-11-29 02:01:12.144288576,JYfbGrUWR
2022-11-29 19:34:30.541082160,aaWcXqwT
2022-11-30 13:07:48.937875752,ulzhtKt
2022-12-01 06:41:07.334669336,qYcju
2022-12-02 00:14:25.731462920,ylVFphVkKI
2022-12-02 17:47:44.128256512,aRJKfZTNkk
2022-12-03 11:21:02.525050096,kHoEPfGgl
2022-12-04 04:54:20.921843688,DvQKlQuS
2022-12-04 22:27:39.318637272,DqsYzKvwY
2022-12-05 16:00:57.715430856,ywSQSTR
2022-12-06 09:34:16.112224448,rLRIMRo
2022-12-07 03:07:34.509018032,lSgkvCyjZ
2022-12-07 20:40:52.905811624,IjoQeqdDk
2022-12-08 14:14:11.302605208,PoyvwMjAI
2022-12-09 07:47:29.699398792,qWvHJlRjxy
2022-12-10 01:20:48.096192384,mGRvtRMEq
2022-12-10 18:54:06.492985968,PPeUeQ
2022-12-11 12:27:24.889779560,ZEJan
2022-12-12 06:00:43.286573144,stPMwZeKOC
2022-12-12 23:34:01.683366728,aiAqLCG
2022-12-13 17:07:20.080160320,wSFiGxeH
2022-12-14 10:40:38.476953904,qbSNjUCt
2022-12-15 04:13:56.873747496,YAEhGy
2022-12-15 21:47:15.270541080,WDyAANH
2022-12-16 15:20:33.667334664,SwMHtX
2022-12-17 08:53:52.064128256,NLuOxYBO
2022-12-18 02:27:10.460921840,uyKrZyqffw
2022-12-18 20:00:28.857715432,WuYXD
2022-12-19 13:33:47.254509016,lHmul
2022-12-20 07:07:05.651302600,MPRsVJVs
2022-12-21 00:40:24.048096192,jutGQc
2022-12-21 18:13:42.444889776,yXjEWEUPSu
2022-12-22 11:47:00.841683368,JQwdGfWr
2022-12-23 05:20:19.238476952,uhPuGG
2022-12-23 22:53:37.635270536,lOMSGcwj
2022-12-24 16:26:56.032064128,HtSbZCVHt
2022-12-25 10:00:14.428857712,dMtcZ
2022-12-26 03:33:32.825651304,wtxxLpP
2022-12-26 21:06:51.222444888,LoGMQEVKNp
2022-12-27 14:40:09.619238472,mkLMzGk
2022-12-28 08:13:28.016032064,OSjeY
2022-12-29 01:46:46.412825648,mjhaXaJJvB
2022-12-29 19:20:04.809619240,ZWfnBeZLrr
2022-12-30 12:53:23.206412824,PerIoPyRy
2022-12-31 06:26:41.603206408,mDAiMegWF
2023-01-01 00:00:00.000000000,cDBFgoA
