,created_at,id,name
0,2021-01-01 00:00:00.000000000,1,VjEVyZ
1,2021-01-01 17:33:18.396793587,2,mTiFyWPCCX
2,2021-01-02 11:06:36.793587174,3,IaZYkrKewy
3,2021-01-03 04:39:55.190380761,4,KhIqQMOqf
4,2021-01-03 22:13:13.587174348,5,qhLPub
5,2021-01-04 15:46:31.983967935,6,KmJlHjBFq
6,2021-01-05 09:19:50.380761523,7,uFwchGrg
7,2021-01-06 02:53:08.777555110,8,XiHFCAqsZR
8,2021-01-06 20:26:27.174348697,9,iKmEYup
9,2021-01-07 13:59:45.571142284,10,nGtBQSCJhr
10,2021-01-08 07:33:03.967935871,11,MPeBkA
11,2021-01-09 01:06:22.364729458,12,vEjeweTp
12,2021-01-09 18:39:40.761523046,13,uPGBVQn
13,2021-01-10 12:12:59.158316633,14,hoWjEu
14,2021-01-11 05:46:17.555110220,15,YvFxbMYpn
15,2021-01-11 23:19:35.951903807,16,KdNsg
16,2021-01-12 16:52:54.348697394,17,OsVOR
17,2021-01-13 10:26:12.745490981,18,oRaiiaXv
18,2021-01-14 03:59:31.142284569,19,JGmDbBGomS
19,2021-01-14 21:32:49.539078156,20,jLkFREws
20,2021-01-15 15:06:07.935871743,21,dVJTomb
21,2021-01-16 08:39:26.332665330,22,mZKSukErE
22,2021-01-17 02:12:44.729458917,23,GdivzYjUA
23,2021-01-17 19:46:03.126252505,24,cpUokye
24,2021-01-18 13:19:21.523046092,25,phOag
25,2021-01-19 06:52:39.919839679,26,nbAfZEt
26,2021-01-20 00:25:58.316633266,27,SSazv
27,2021-01-20 17:59:16.713426853,28,yxZKW
28,2021-01-21 11:32:35.110220440,29,RgzjWf
29,2021-01-22 05:05:53.507014028,30,naDqkizfk
30,2021-01-22 22:39:11.903807615,31,TwtMujd
31,2021-01-23 16:12:30.300601202,32,xhnJO
32,2021-01-24 09:45:48.697394789,33,NXWwSw
33,2021-01-25 03:19:07.094188376,34,UBddYZEr
34,2021-01-25 20:52:25.490981963,35,qgKhVZA
35,2021-01-26 14:25:43.887775551,36,NNggvwY
36,2021-01-27 07:59:02.284569138,37,VStXt
37,2021-01-28 01:32:20.681362725,38,xvfkgpVMy
38,2021-01-28 19:05:39.078156312,39,wnIPnE
39,2021-01-29 12:38:57.474949899,40,dJixnH
40,2021-01-30 06:12:15.871743487,41,sjzodrGnS
41,2021-01-30 23:45:34.268537074,42,Bflpelt
42,2021-01-31 17:18:52.665330661,43,qXOmSh
43,2021-02-01 10:52:11.062124248,44,rVZedVG
44,2021-02-02 04:25:29.458917835,45,EdwQITPqKC
45,2021-02-02 21:58:47.855711422,46,BDJLTi
46,2021-02-03 15:32:06.252505010,47,jiffGRO
47,2021-02-04 09:05:24.649298597,48,WYgspE
48,2021-02-05 02:38:43.046092184,49,TEAPzrG
49,2021-02-05 20:12:01.442885771,50,UQJOoiJSq
50,2021-02-06 13:45:19.839679358,51,gDIKXdf
51,2021-02-07 07:18:38.236472946,52,CJdKw
52,2021-02-08 00:51:56.633266533,53,WHQrtbPu
53,2021-02-08 18:25:15.030060120,54,rfbwmGftc
54,2021-02-09 11:58:33.426853707,55,jyRQwkS
55,2021-02-10 05:31:51.823647294,56,yHFakW
56,2021-02-10 23:05:10.220440881,57,BUltbarGvh
57,2021-02-11 16:38:28.617234469,58,tstBPjAZFl
58,2021-02-12 10:11:47.014028056,59,dYXFqBpRHm
59,2021-02-13 03:45:05.410821643,60,oPigCpg
60,2021-02-13 21:18:23.807615230,61,kMiIBi
61,2021-02-14 14:51:42.204408817,62,xjCfV
62,2021-02-15 08:25:00.601202404,63,vENuEJWJA
63,2021-02-16 01:58:18.997995992,64,ipErjBvt
64,2021-02-16 19:31:37.394789579,65,AwhaO
65,2021-02-17 13:04:55.791583166,66,obbtGz
66,2021-02-18 06:38:14.188376753,67,pGZbWZ
67,2021-02-19 00:11:32.585170340,68,AcZrRyvy
68,2021-02-19 17:44:50.981963927,69,fZCLAJOeD
69,2021-02-20 11:18:09.378757515,70,dGOBj
70,2021-02-21 04:51:27.775551102,71,ypHMRDZVV
71,2021-02-21 22:24:46.172344689,72,hharzw
72,2021-02-22 15:58:04.569138276,73,KoLMSiO
73,2021-02-23 09:31:22.965931864,74,HzcnRQEs
74,2021-02-24 03:04:41.362725451,75,DVMCNS
75,2021-02-24 20:37:59.759519038,76,RPmVzYT
76,2021-02-25 14:11:18.156312625,77,pyeVVC
77,2021-02-26 07:44:36.553106212,78,pjlMczRLKP
78,2021-02-27 01:17:54.949899799,79,dDaNtiLoCx
79,2021-02-27 18:51:13.346693387,80,wHqGe
80,2021-02-28 12:24:31.743486974,81,jvgmhTyyS
81,2021-03-01 05:57:50.140280561,82,olQGsGz
82,2021-03-01 23:31:08.537074148,83,AmpGNNaBy
83,2021-03-02 17:04:26.933867735,84,xYjxJX
84,2021-03-03 10:37:45.330661322,85,IINGCERnJ
85,2021-03-04 04:11:03.727454910,86,UujLjt
86,2021-03-04 21:44:22.124248497,87,xHEOWT
87,2021-03-05 15:17:40.521042084,88,OMACqXIHL
88,2021-03-06 08:50:58.917835671,89,KujacEKlB
89,2021-03-07 02:24:17.314629258,90,oEvgxsy
90,2021-03-07 19:57:35.711422845,91,vOhHMfaFe
91,2021-03-08 13:30:54.108216433,92,vkLnBZwInO
92,2021-03-09 07:04:12.505010020,93,ENpMhBdAEO
93,2021-03-10 00:37:30.901803607,94,lcttGWTOBY
94,2021-03-10 18:10:49.298597194,95,UIyEni
95,2021-03-11 11:44:07.695390781,96,LkDmUekAw
96,2021-03-12 05:17:26.092184368,97,BWlYRdL
97,2021-03-12 22:50:44.488977956,98,kNutZjVa
98,2021-03-13 16:24:02.885771543,99,iOPhYGqfj
99,2021-03-14 09:57:21.282565130,100,sSXHHd
100,2021-03-15 03:30:39.679358717,101,QvbWuvf
101,2021-03-15 21:03:58.076152304,102,RoWqUaU
102,2021-03-16 14:37:16.472945892,103,lXySbkLX
103,2021-03-17 08:10:34.869739479,104,mAPtwu
104,2021-03-18 01:43:53.266533066,105,Hgfafl
105,2021-03-18 19:17:11.663326653,106,kFAphu
106,2021-03-19 12:50:30.060120240,107,bhgoc
107,2021-03-20 06:23:48.456913827,108,vEcaYl
108,2021-03-20 23:57:06.853707415,109,ZtXPGRZc
109,2021-03-21 17:30:25.250501002,110,qOmFHPdkrm
110,2021-03-22 11:03:43.647294589,111,zLnHuHoZi
111,2021-03-23 04:37:02.044088176,112,oMlmgwK
112,2021-03-23 22:10:20.440881763,113,hrkASKq
113,2021-03-24 15:43:38.837675350,114,AAVZkBNb
114,2021-03-25 09:16:57.234468938,115,GGxRq
115,2021-03-26 02:50:15.631262525,116,bOSixyu
116,2021-03-26 20:23:34.028056112,117,HHAUtlf
117,2021-03-27 13:56:52.424849699,118,BFoOA
118,2021-03-28 07:30:10.821643286,119,hFABLz
119,2021-03-29 01:03:29.218436873,120,XYEHOiiU
120,2021-03-29 18:36:47.615230461,121,CcKndwp
121,2021-03-30 12:10:06.012024048,122,siOcaIqn
122,2021-03-31 05:43:24.408817635,123,vyQYyb
123,2021-03-31 23:16:42.805611222,124,uGwbx
124,2021-04-01 16:50:01.202404809,125,QrfWax
125,2021-04-02 10:23:19.599198396,126,zufaYgVj
126,2021-04-03 03:56:37.995991984,127,OCruuUS
127,2021-04-03 21:29:56.392785571,128,OorvrP
128,2021-04-04 15:03:14.789579158,129,nkaEd
129,2021-04-05 08:36:33.186372745,130,XjGVI
130,2021-04-06 02:09:51.583166332,131,WZeKesXI
131,2021-04-06 19:43:09.979959920,132,WykPKhLRU
132,2021-04-07 13:16:28.376753507,133,HUdgRt
133,2021-04-08 06:49:46.773547094,134,PgIeLgDaQ
134,2021-04-09 00:23:05.170340681,135,qBItfjo
135,2021-04-09 17:56:23.567134268,136,qcxfjf
136,2021-04-10 11:29:41.963927855,137,hVeQUPym
137,2021-04-11 05:03:00.360721443,138,XSGbThxx
138,2021-04-11 22:36:18.757515030,139,wHsSqG
139,2021-04-12 16:09:37.154308617,140,SyhBK
140,2021-04-13 09:42:55.551102204,141,PCWhTnfJB
141,2021-04-14 03:16:13.947895791,142,NMwaKINqI
142,2021-04-14 20:49:32.344689378,143,QpbGiso
143,2021-04-15 14:22:50.741482966,144,KIvrBDtsE
144,2021-04-16 07:56:09.138276552,145,gFpBVNGXp
145,2021-04-17 01:29:27.535070140,146,PShWzVGG
146,2021-04-17 19:02:45.931863728,147,TESbepVVG
147,2021-04-18 12:36:04.328657314,148,zDRuCBcn
148,2021-04-19 06:09:22.725450902,149,KskuhJ
149,2021-04-19 23:42:41.122244488,150,OdxLt
150,2021-04-20 17:15:59.519038076,151,UIujxi
151,2021-04-21 10:49:17.915831662,152,OaAEpXCtcu
152,2021-04-22 04:22:36.312625250,153,krdXtuS
153,2021-04-22 21:55:54.709418838,154,LRLEsDsvM
154,2021-04-23 15:29:13.106212424,155,gMpiQak
155,2021-04-24 09:02:31.503006012,156,emhNEUMozB
156,2021-04-25 02:35:49.899799598,157,elHcwwJx
157,2021-04-25 20:09:08.296593186,158,NSlJVbw
158,2021-04-26 13:42:26.693386774,159,DODvmlZZuJ
159,2021-04-27 07:15:45.090180360,160,XpgTYXlt
160,2021-04-28 00:49:03.486973948,161,AfbOgtGMYQ
161,2021-04-28 18:22:21.883767534,162,jMIkqkCr
162,2021-04-29 11:55:40.280561122,163,dtyWWnLBvv
163,2021-04-30 05:28:58.677354710,164,jDezjMTO
164,2021-04-30 23:02:17.074148296,165,iKWzCcHebt
165,2021-05-01 16:35:35.470941884,166,QbpSbKTq
166,2021-05-02 10:08:53.867735470,167,ndyPge
167,2021-05-03 03:42:12.264529058,168,OECaq
168,2021-05-03 21:15:30.661322644,169,ZqoKt
169,2021-05-04 14:48:49.058116232,170,icatDpm
170,2021-05-05 08:22:07.454909820,171,JOniK
171,2021-05-06 01:55:25.851703406,172,LzYqb
172,2021-05-06 19:28:44.248496994,173,TGgMWxP
173,2021-05-07 13:02:02.645290580,174,HPvCRRL
174,2021-05-08 06:35:21.042084168,175,ZJvEJxOW
175,2021-05-09 00:08:39.438877756,176,mQYAAsAq
176,2021-05-09 17:41:57.835671342,177,nqJJDuzJo
177,2021-05-10 11:15:16.232464930,178,LSSKmmGcD
178,2021-05-11 04:48:34.629258516,179,pDKFUw
179,2021-05-11 22:21:53.026052104,180,LLIocQr
180,2021-05-12 15:55:11.422845690,181,BUYbLAsKrV
181,2021-05-13 09:28:29.819639278,182,kTkyaxo
182,2021-05-14 03:01:48.216432866,183,axEaQr
183,2021-05-14 20:35:06.613226452,184,vsBuDPOvfw
184,2021-05-15 14:08:25.010020040,185,lTMadR
185,2021-05-16 07:41:43.406813626,186,PIAyXcfYKK
186,2021-05-17 01:15:01.803607214,187,KPqPicGZnM
187,2021-05-17 18:48:20.200400802,188,HuNUambEjc
188,2021-05-18 12:21:38.597194388,189,XaPloHA
189,2021-05-19 05:54:56.993987976,190,kDoiYBSJ
190,2021-05-19 23:28:15.390781562,191,zJaMpcF
191,2021-05-20 17:01:33.787575150,192,hSRqMNo
192,2021-05-21 10:34:52.184368736,193,xOuSTFl
193,2021-05-22 04:08:10.581162324,194,IUClZEYOv
194,2021-05-22 21:41:28.977955912,195,xcBxBOQ
195,2021-05-23 15:14:47.374749498,196,NkTKKqXqY
196,2021-05-24 08:48:05.771543086,197,EeQKBBlp
197,2021-05-25 02:21:24.168336672,198,TLprH
198,2021-05-25 19:54:42.565130260,199,ikImMQr
199,2021-05-26 13:28:00.961923848,200,HDWCumfM
200,2021-05-27 07:01:19.358717434,201,agpbI
201,2021-05-28 00:34:37.755511022,202,qIcEtaeQI
202,2021-05-28 18:07:56.152304608,203,TlUkrdbDlZ
203,2021-05-29 11:41:14.549098196,204,uYqZKujq
204,2021-05-30 05:14:32.945891784,205,wWqxYkjuZ
205,2021-05-30 22:47:51.342685370,206,gMOikV
206,2021-05-31 16:21:09.739478958,207,kFeCSfXT
207,2021-06-01 09:54:28.136272544,208,WQUQxUpT
208,2021-06-02 03:27:46.533066132,209,IgKSvq
209,2021-06-02 21:01:04.929859718,210,eOzvak
210,2021-06-03 14:34:23.326653306,211,xIOfovYf
211,2021-06-04 08:07:41.723446894,212,fVFGb
212,2021-06-05 01:41:00.120240480,213,UICPCAO
213,2021-06-05 19:14:18.517034068,214,dgwDrOfac
214,2021-06-06 12:47:36.913827654,215,dHApss
215,2021-06-07 06:20:55.310621242,216,mXrnH
216,2021-06-07 23:54:13.707414830,217,yvBCcdEyeL
217,2021-06-08 17:27:32.104208416,218,NbCSy
218,2021-06-09 11:00:50.501002004,219,WuaXnv
219,2021-06-10 04:34:08.897795590,220,tdDglQ
220,2021-06-10 22:07:27.294589178,221,izVHCLVR
221,2021-06-11 15:40:45.691382764,222,QXacHT
222,2021-06-12 09:14:04.088176352,223,kzbRcs
223,2021-06-13 02:47:22.484969940,224,EaNcAc
224,2021-06-13 20:20:40.881763526,225,wfwxMQU
225,2021-06-14 13:53:59.278557114,226,LFyRkK
226,2021-06-15 07:27:17.675350700,227,cQkGVjGrf
227,2021-06-16 01:00:36.072144288,228,CEsraVEKdi
228,2021-06-16 18:33:54.468937876,229,YZoOJgMkB
229,2021-06-17 12:07:12.865731462,230,yudGAY
230,2021-06-18 05:40:31.262525050,231,CrxSQAhNk
231,2021-06-18 23:13:49.659318636,232,aSsKrHlZ
232,2021-06-19 16:47:08.056112224,233,YNakNwRgY
233,2021-06-20 10:20:26.452905812,234,XFDIWQswE
234,2021-06-21 03:53:44.849699398,235,JREGMO
235,2021-06-21 21:27:03.246492986,236,djSxNXr
236,2021-06-22 15:00:21.643286572,237,fXziR
237,2021-06-23 08:33:40.040080160,238,plOIHtCtZs
238,2021-06-24 02:06:58.436873746,239,SPjwF
239,2021-06-24 19:40:16.833667334,240,mTRHpw
240,2021-06-25 13:13:35.230460922,241,bIBasYvx
241,2021-06-26 06:46:53.627254508,242,ABksC
242,2021-06-27 00:20:12.024048096,243,vDhbPm
243,2021-06-27 17:53:30.420841682,244,TxIfFuFunH
244,2021-06-28 11:26:48.817635270,245,WULJE
245,2021-06-29 05:00:07.214428858,246,aEzTt
246,2021-06-29 22:33:25.611222444,247,joUewNtXo
247,2021-06-30 16:06:44.008016032,248,RiRDAEMD
248,2021-07-01 09:40:02.404809618,249,XOZwql
249,2021-07-02 03:13:20.801603206,250,oCzwRbe
250,2021-07-02 20:46:39.198396792,251,obfLczdqlt
251,2021-07-03 14:19:57.595190380,252,saIOF
252,2021-07-04 07:53:15.991983968,253,jJsBKZZvkz
253,2021-07-05 01:26:34.388777554,254,CUvHPouTYH
254,2021-07-05 18:59:52.785571142,255,zuOrsnR
255,2021-07-06 12:33:11.182364728,256,vuePpOxhV
256,2021-07-07 06:06:29.579158316,257,cUnNC
257,2021-07-07 23:39:47.975951904,258,eQdtBWbrlJ
258,2021-07-08 17:13:06.372745490,259,uNGrcnZ
259,2021-07-09 10:46:24.769539078,260,KzFmtHJQK
260,2021-07-10 04:19:43.166332664,261,VhUCtf
261,2021-07-10 21:53:01.563126252,262,yPqqXp
262,2021-07-11 15:26:19.959919840,263,CtgoiiTqf
263,2021-07-12 08:59:38.356713426,264,ZkTQOJdBY
264,2021-07-13 02:32:56.753507014,265,YCABcoMzx
265,2021-07-13 20:06:15.150300600,266,jzqDbUtbK
266,2021-07-14 13:39:33.547094188,267,CnYrFUn
267,2021-07-15 07:12:51.943887774,268,UumTlJH
268,2021-07-16 00:46:10.340681362,269,jNDsE
269,2021-07-16 18:19:28.737474950,270,eMDwBbmFqt
270,2021-07-17 11:52:47.134268536,271,CtkVKemZV
271,2021-07-18 05:26:05.531062124,272,CjSNfR
272,2021-07-18 22:59:23.927855710,273,wbgEkIDuR
273,2021-07-19 16:32:42.324649298,274,XBFyKCQmx
274,2021-07-20 10:06:00.721442886,275,LBqrmpa
275,2021-07-21 03:39:19.118236472,276,YphOfIGph
276,2021-07-21 21:12:37.515030060,277,tYmpNMINe
277,2021-07-22 14:45:55.911823646,278,mmAhYcUY
278,2021-07-23 08:19:14.308617234,279,QRghzN
279,2021-07-24 01:52:32.705410820,280,VVrPMaz
280,2021-07-24 19:25:51.102204408,281,RqdIu
281,2021-07-25 12:59:09.498997996,282,UHCswc
282,2021-07-26 06:32:27.895791582,283,WCzak
283,2021-07-27 00:05:46.292585170,284,MAzhg
284,2021-07-27 17:39:04.689378756,285,EDVpI
285,2021-07-28 11:12:23.086172344,286,CKrYvFhj
286,2021-07-29 04:45:41.482965932,287,njcQly
287,2021-07-29 22:18:59.879759520,288,KnqdJzS
288,2021-07-30 15:52:18.276553104,289,ttzVEt
289,2021-07-31 09:25:36.673346692,290,jWAqT
290,2021-08-01 02:58:55.070140280,291,ZyVgGPFZg
291,2021-08-01 20:32:13.466933868,292,PUqWr
292,2021-08-02 14:05:31.863727456,293,dNGKumRich
293,2021-08-03 07:38:50.260521040,294,qKINhcuhr
294,2021-08-04 01:12:08.657314628,295,zOWbIcr
295,2021-08-04 18:45:27.054108216,296,MtnkY
296,2021-08-05 12:18:45.450901804,297,wCvWYzs
297,2021-08-06 05:52:03.847695392,298,FRrEhTGiDi
298,2021-08-06 23:25:22.244488976,299,AmKpYhKUY
299,2021-08-07 16:58:40.641282564,300,mmSQSRs
300,2021-08-08 10:31:59.038076152,301,XfIRfEjYC
301,2021-08-09 04:05:17.434869740,302,LlbnclWPk
302,2021-08-09 21:38:35.831663324,303,bKJTCFQC
303,2021-08-10 15:11:54.228456912,304,DYzRfNd
304,2021-08-11 08:45:12.625250500,305,LUQqb
305,2021-08-12 02:18:31.022044088,306,KcfrKTZ
306,2021-08-12 19:51:49.418837676,307,faXFTuMOf
307,2021-08-13 13:25:07.815631260,308,qpuzQi
308,2021-08-14 06:58:26.212424848,309,JhDULd
309,2021-08-15 00:31:44.609218436,310,kPqUB
310,2021-08-15 18:05:03.006012024,311,LhgwQ
311,2021-08-16 11:38:21.402805612,312,jgrZueGR
312,2021-08-17 05:11:39.799599196,313,PAtKbw
313,2021-08-17 22:44:58.196392784,314,pZljT
314,2021-08-18 16:18:16.593186372,315,UECprA
315,2021-08-19 09:51:34.989979960,316,GekZK
316,2021-08-20 03:24:53.386773548,317,QMTyj
317,2021-08-20 20:58:11.783567132,318,qfQkeJFsx
318,2021-08-21 14:31:30.180360720,319,WcJCzlCgPb
319,2021-08-22 08:04:48.577154308,320,OeEadZb
320,2021-08-23 01:38:06.973947896,321,Epzhv
321,2021-08-23 19:11:25.370741484,322,dZhUSflJU
322,2021-08-24 12:44:43.767535068,323,GrLupUFGyJ
323,2021-08-25 06:18:02.164328656,324,HsGhwPMY
324,2021-08-25 23:51:20.561122244,325,ZBUzW
325,2021-08-26 17:24:38.957915832,326,kjExexVAk
326,2021-08-27 10:57:57.354709420,327,HCGWx
327,2021-08-28 04:31:15.751503004,328,OfDabafnLn
328,2021-08-28 22:04:34.148296592,329,jJXlCvdUAJ
329,2021-08-29 15:37:52.545090180,330,YTyNZlICMo
330,2021-08-30 09:11:10.941883768,331,alVGhJlw
331,2021-08-31 02:44:29.338677352,332,GnkQUqU
332,2021-08-31 20:17:47.735470940,333,hVhRF
333,2021-09-01 13:51:06.132264528,334,eLFLPdlkX
334,2021-09-02 07:24:24.529058116,335,EXcvHsK
335,2021-09-03 00:57:42.925851704,336,XTQwj
336,2021-09-03 18:31:01.322645288,337,uVJkEPU
337,2021-09-04 12:04:19.719438876,338,wxidXrV
338,2021-09-05 05:37:38.116232464,339,gnOBuy
339,2021-09-05 23:10:56.513026052,340,oLjvXjb
340,2021-09-06 16:44:14.909819640,341,TVCvbN
341,2021-09-07 10:17:33.306613224,342,mVQGpHbCCt
342,2021-09-08 03:50:51.703406812,343,bvQbnTSBtB
343,2021-09-08 21:24:10.100200400,344,fWWEbZDf
344,2021-09-09 14:57:28.496993988,345,nEdxS
345,2021-09-10 08:30:46.893787576,346,jYwTRsQgD
346,2021-09-11 02:04:05.290581160,347,RLyWZSsFm
347,2021-09-11 19:37:23.687374748,348,HUYNVPtIfH
348,2021-09-12 13:10:42.084168336,349,okXlma
349,2021-09-13 06:44:00.480961924,350,bfHAkrBK
350,2021-09-14 00:17:18.877755512,351,NvJByFUPyI
351,2021-09-14 17:50:37.274549096,352,WdSzre
352,2021-09-15 11:23:55.671342684,353,yGHGbBwwLV
353,2021-09-16 04:57:14.068136272,354,tmsMt
354,2021-09-16 22:30:32.464929860,355,PQKXffpnL
355,2021-09-17 16:03:50.861723448,356,vTSKP
356,2021-09-18 09:37:09.258517032,357,LZCVOn
357,2021-09-19 03:10:27.655310620,358,cTQfZfD
358,2021-09-19 20:43:46.052104208,359,QOUVgAGhU
359,2021-09-20 14:17:04.448897796,360,hLecJlp
360,2021-09-21 07:50:22.845691380,361,nWmMtEBQBM
361,2021-09-22 01:23:41.242484968,362,cMUWA
362,2021-09-22 18:56:59.639278556,363,WKDTga
363,2021-09-23 12:30:18.036072144,364,sDEqPfyw
364,2021-09-24 06:03:36.432865732,365,NZQSjksV
365,2021-09-24 23:36:54.829659316,366,PyuGzocx
366,2021-09-25 17:10:13.226452904,367,lGyHC
367,2021-09-26 10:43:31.623246492,368,JpUfvfYH
368,2021-09-27 04:16:50.020040080,369,WBIFxsD
369,2021-09-27 21:50:08.416833668,370,YRlwVSgD
370,2021-09-28 15:23:26.813627252,371,xqPBnkMr
371,2021-09-29 08:56:45.210420840,372,jRgRvW
372,2021-09-30 02:30:03.607214428,373,cnznSXp
373,2021-09-30 20:03:22.004008016,374,ovkjhc
374,2021-10-01 13:36:40.400801604,375,UKOVGH
375,2021-10-02 07:09:58.797595188,376,WOSsbhGfC
376,2021-10-03 00:43:17.194388776,377,yQtLBdJmLc
377,2021-10-03 18:16:35.591182364,378,eeryXCCvKz
378,2021-10-04 11:49:53.987975952,379,WfBjvEki
379,2021-10-05 05:23:12.384769540,380,xHXUMETJr
380,2021-10-05 22:56:30.781563124,381,cLBZlLcqH
381,2021-10-06 16:29:49.178356712,382,AwvlGIhB
382,2021-10-07 10:03:07.575150300,383,RNQnLrx
383,2021-10-08 03:36:25.971943888,384,kZllDyNuW
384,2021-10-08 21:09:44.368737472,385,tRDBhMnBI
385,2021-10-09 14:43:02.765531060,386,zkyTKF
386,2021-10-10 08:16:21.162324648,387,WcGjP
387,2021-10-11 01:49:39.559118236,388,xmNTMQDy
388,2021-10-11 19:22:57.955911824,389,GXRazHpNA
389,2021-10-12 12:56:16.352705408,390,ahZihpWzc
390,2021-10-13 06:29:34.749498996,391,PfVAxWi
391,2021-10-14 00:02:53.146292584,392,vHgsIe
392,2021-10-14 17:36:11.543086172,393,TujzzLrFUy
393,2021-10-15 11:09:29.939879760,394,YRVgutHSs
394,2021-10-16 04:42:48.336673344,395,CxXkEsk
395,2021-10-16 22:16:06.733466932,396,AunQUm
396,2021-10-17 15:49:25.130260520,397,vIlmBYc
397,2021-10-18 09:22:43.527054108,398,tgDDGMPYnU
398,2021-10-19 02:56:01.923847696,399,lqYrYYzfey
399,2021-10-19 20:29:20.320641280,400,OLjnIAod
400,2021-10-20 14:02:38.717434868,401,LgycXfaJQ
401,2021-10-21 07:35:57.114228456,402,dMjNni
402,2021-10-22 01:09:15.511022044,403,xPtuxJn
403,2021-10-22 18:42:33.907815632,404,jeQZx
404,2021-10-23 12:15:52.304609216,405,xUZWNkP
405,2021-10-24 05:49:10.701402804,406,txzupGSN
406,2021-10-24 23:22:29.098196392,407,FYSKEBo
407,2021-10-25 16:55:47.494989980,408,MiPOlKtc
408,2021-10-26 10:29:05.891783568,409,lOdptymI
409,2021-10-27 04:02:24.288577152,410,GfqhpNmM
410,2021-10-27 21:35:42.685370740,411,JbzZabPo
411,2021-10-28 15:09:01.082164328,412,nYuhNXB
412,2021-10-29 08:42:19.478957916,413,wRjeEkoxAO
413,2021-10-30 02:15:37.875751500,414,TmkwwHafQD
414,2021-10-30 19:48:56.272545088,415,yIKbAvrI
415,2021-10-31 13:22:14.669338676,416,HSXXNxr
416,2021-11-01 06:55:33.066132264,417,OSoIGfKpy
417,2021-11-02 00:28:51.462925852,418,vfmIuwxp
418,2021-11-02 18:02:09.859719436,419,vSFwpx
419,2021-11-03 11:35:28.256513024,420,AXFSIAZ
420,2021-11-04 05:08:46.653306612,421,yACFI
421,2021-11-04 22:42:05.050100200,422,HVyUt
422,2021-11-05 16:15:23.446893788,423,iClKzv
423,2021-11-06 09:48:41.843687372,424,nHaRtT
424,2021-11-07 03:22:00.240480960,425,vARvEMOGnv
425,2021-11-07 20:55:18.637274548,426,AIOHn
426,2021-11-08 14:28:37.034068136,427,jSpZahQvoa
427,2021-11-09 08:01:55.430861724,428,ZVkXy
428,2021-11-10 01:35:13.827655308,429,viIStex
429,2021-11-10 19:08:32.224448896,430,gLJIUX
430,2021-11-11 12:41:50.621242484,431,rZQnQT
431,2021-11-12 06:15:09.018036072,432,ktxXi
432,2021-11-12 23:48:27.414829660,433,DdfRCujf
433,2021-11-13 17:21:45.811623244,434,wsvJZzz
434,2021-11-14 10:55:04.208416832,435,OwRupXaBE
435,2021-11-15 04:28:22.605210420,436,kqkWbBgpcL
436,2021-11-15 22:01:41.002004008,437,IWGhUBdxpL
437,2021-11-16 15:34:59.398797596,438,HRmilIYMM
438,2021-11-17 09:08:17.795591180,439,ystUZQpPa
439,2021-11-18 02:41:36.192384768,440,AFytIlNBX
440,2021-11-18 20:14:54.589178356,441,HQPJHzDBPA
441,2021-11-19 13:48:12.985971944,442,UhbYbnaZe
442,2021-11-20 07:21:31.382765528,443,vhvoh
443,2021-11-21 00:54:49.779559116,444,WSUlNWq
444,2021-11-21 18:28:08.176352704,445,NkFXRJUX
445,2021-11-22 12:01:26.573146292,446,ySTxt
446,2021-11-23 05:34:44.969939880,447,bGrRP
447,2021-11-23 23:08:03.366733464,448,PJffcXsYqE
448,2021-11-24 16:41:21.763527052,449,KpWNqbVvHD
449,2021-11-25 10:14:40.160320640,450,ahGYVhHS
450,2021-11-26 03:47:58.557114228,451,FDJuIWQL
451,2021-11-26 21:21:16.953907816,452,oxfBYzVA
452,2021-11-27 14:54:35.350701400,453,cTVadS
453,2021-11-28 08:27:53.747494988,454,OybsyIawaQ
454,2021-11-29 02:01:12.144288576,455,XElzFQMA
455,2021-11-29 19:34:30.541082164,456,DlrsxxU
456,2021-11-30 13:07:48.937875752,457,VOTMYyPAzP
457,2021-12-01 06:41:07.334669336,458,zexHjeUFEB
458,2021-12-02 00:14:25.731462924,459,XhZzkODiB
459,2021-12-02 17:47:44.128256512,460,LSDMDAcgHR
460,2021-12-03 11:21:02.525050100,461,GoyZOsg
461,2021-12-04 04:54:20.921843688,462,VHtbDPOcSA
462,2021-12-04 22:27:39.318637272,463,EGOIdR
463,2021-12-05 16:00:57.715430860,464,XtTETn
464,2021-12-06 09:34:16.112224448,465,HAORoqEUFB
465,2021-12-07 03:07:34.509018036,466,lczrEpQ
466,2021-12-07 20:40:52.905811624,467,iBEqSJn
467,2021-12-08 14:14:11.302605208,468,UwzcHsCwru
468,2021-12-09 07:47:29.699398796,469,dHfvg
469,2021-12-10 01:20:48.096192384,470,zoPtT
470,2021-12-10 18:54:06.492985972,471,YcupSlMGS
471,2021-12-11 12:27:24.889779556,472,CTueNapiLx
472,2021-12-12 06:00:43.286573144,473,GFvmB
473,2021-12-12 23:34:01.683366732,474,AUTTLlPMox
474,2021-12-13 17:07:20.080160320,475,OvPtUa
475,2021-12-14 10:40:38.476953908,476,IyWdUA
476,2021-12-15 04:13:56.873747492,477,XCcQIMHLgC
477,2021-12-15 21:47:15.270541080,478,BGmTr
478,2021-12-16 15:20:33.667334668,479,AKTnCTFCBb
479,2021-12-17 08:53:52.064128256,480,gQbJBkPXM
480,2021-12-18 02:27:10.460921844,481,hIvco
481,2021-12-18 20:00:28.857715428,482,kTsRSmqbn
482,2021-12-19 13:33:47.254509016,483,UaeyWW
483,2021-12-20 07:07:05.651302604,484,pgrRCo
484,2021-12-21 00:40:24.048096192,485,rWYhgpn
485,2021-12-21 18:13:42.444889780,486,FNicjz
486,2021-12-22 11:47:00.841683364,487,LipEfnDOh
487,2021-12-23 05:20:19.238476952,488,zlhaWVe
488,2021-12-23 22:53:37.635270540,489,PzahkLc
489,2021-12-24 16:26:56.032064128,490,alesz
490,2021-12-25 10:00:14.428857716,491,zjJyy
491,2021-12-26 03:33:32.825651300,492,FGEkNDc
492,2021-12-26 21:06:51.222444888,493,zNbfQxB
493,2021-12-27 14:40:09.619238476,494,wTxpGYVjn
494,2021-12-28 08:13:28.016032064,495,JxFISL
495,2021-12-29 01:46:46.412825652,496,JmjRQpz
496,2021-12-29 19:20:04.809619236,497,TrwLf
497,2021-12-30 12:53:23.206412824,498,FyeaaWl
498,2021-12-31 06:26:41.603206412,499,NJqoqtI
499,2022-01-01 00:00:00.000000000,500,yxEpTyrOCc
500,2022-01-01 17:33:18.396793584,501,uwgpMVHTq
501,2022-01-02 11:06:36.793587172,502,kVROCUpCy
502,2022-01-03 04:39:55.190380760,503,FyBzLBO
503,2022-01-03 22:13:13.587174348,504,iGpXmjft
504,2022-01-04 15:46:31.983967936,505,tSHQvvg
505,2022-01-05 09:19:50.380761520,506,OehGwM
506,2022-01-06 02:53:08.777555108,507,ahbQgvUsDn
507,2022-01-06 20:26:27.174348696,508,dcDWdh
508,2022-01-07 13:59:45.571142284,509,rLraNHHJn
509,2022-01-08 07:33:03.967935872,510,zytwnHkj
510,2022-01-09 01:06:22.364729456,511,YrHALLb
511,2022-01-09 18:39:40.761523044,512,zLZAYKa
512,2022-01-10 12:12:59.158316632,513,mYoAUzRa
513,2022-01-11 05:46:17.555110220,514,SBvUWfiwA
514,2022-01-11 23:19:35.951903808,515,hqXPdvu
515,2022-01-12 16:52:54.348697392,516,ExWcuVBCJA
516,2022-01-13 10:26:12.745490980,517,fOjmCzFaWJ
517,2022-01-14 03:59:31.142284568,518,QsgJOA
518,2022-01-14 21:32:49.539078156,519,JOvlI
519,2022-01-15 15:06:07.935871744,520,oMLpIctEeq
520,2022-01-16 08:39:26.332665328,521,VbHTz
521,2022-01-17 02:12:44.729458916,522,HlctSbj
522,2022-01-17 19:46:03.126252504,523,stzmQFZhS
523,2022-01-18 13:19:21.523046092,524,LkIuTmmW
524,2022-01-19 06:52:39.919839680,525,wLPcyddak
525,2022-01-20 00:25:58.316633264,526,rXoxDPbmh
526,2022-01-20 17:59:16.713426852,527,eYDJTd
527,2022-01-21 11:32:35.110220440,528,jebfwsEvi
528,2022-01-22 05:05:53.507014028,529,tnkeLVFZ
529,2022-01-22 22:39:11.903807612,530,GbOfbdhCau
530,2022-01-23 16:12:30.300601200,531,puUdMV
531,2022-01-24 09:45:48.697394788,532,tYgudk
532,2022-01-25 03:19:07.094188376,533,RmhpPVLJxz
533,2022-01-25 20:52:25.490981964,534,FunQwa
534,2022-01-26 14:25:43.887775548,535,RHxwIwweYA
535,2022-01-27 07:59:02.284569136,536,bLYCsbfzOD
536,2022-01-28 01:32:20.681362724,537,gatXFwxQf
537,2022-01-28 19:05:39.078156312,538,RBNvRjP
538,2022-01-29 12:38:57.474949900,539,rbVZmc
539,2022-01-30 06:12:15.871743484,540,DnFvR
540,2022-01-30 23:45:34.268537072,541,uWMWOxTIsg
541,2022-01-31 17:18:52.665330660,542,mMKZa
542,2022-02-01 10:52:11.062124248,543,pDtJYnP
543,2022-02-02 04:25:29.458917836,544,wYbqM
544,2022-02-02 21:58:47.855711420,545,haAsuBz
545,2022-02-03 15:32:06.252505008,546,pOdITCREHc
546,2022-02-04 09:05:24.649298596,547,QQtgUXY
547,2022-02-05 02:38:43.046092184,548,qGNBcs
548,2022-02-05 20:12:01.442885772,549,FllAYj
549,2022-02-06 13:45:19.839679356,550,PQRzRWctfd
550,2022-02-07 07:18:38.236472944,551,mcctgBokw
551,2022-02-08 00:51:56.633266532,552,FtWpanZyS
552,2022-02-08 18:25:15.030060120,553,cVuXaIQOG
553,2022-02-09 11:58:33.426853708,554,daEJkX
554,2022-02-10 05:31:51.823647292,555,NiVrbSMR
555,2022-02-10 23:05:10.220440880,556,fyply
556,2022-02-11 16:38:28.617234468,557,NcLfGrw
557,2022-02-12 10:11:47.014028056,558,cZgLWhAo
558,2022-02-13 03:45:05.410821640,559,rEqGYT
559,2022-02-13 21:18:23.807615228,560,JVOmify
560,2022-02-14 14:51:42.204408816,561,LvbSZfE
561,2022-02-15 08:25:00.601202404,562,LOCBxJUffd
562,2022-02-16 01:58:18.997995992,563,pLAXyz
563,2022-02-16 19:31:37.394789576,564,VcRSUzlB
564,2022-02-17 13:04:55.791583164,565,WnXgIaiDpj
565,2022-02-18 06:38:14.188376752,566,xhWZAMc
566,2022-02-19 00:11:32.585170340,567,iKjlf
567,2022-02-19 17:44:50.981963928,568,vTUwhC
568,2022-02-20 11:18:09.378757512,569,NZvQvCLmTS
569,2022-02-21 04:51:27.775551100,570,zKqgFBO
570,2022-02-21 22:24:46.172344688,571,BrHHwhhF
571,2022-02-22 15:58:04.569138272,572,aSyPSZ
572,2022-02-23 09:31:22.965931864,573,LtDZC
573,2022-02-24 03:04:41.362725448,574,vcHwsfdm
574,2022-02-24 20:37:59.759519040,575,PKGqnUI
575,2022-02-25 14:11:18.156312624,576,DqwUq
576,2022-02-26 07:44:36.553106208,577,YpziSlQ
577,2022-02-27 01:17:54.949899800,578,vYPIQcOXco
578,2022-02-27 18:51:13.346693384,579,KXppO
579,2022-02-28 12:24:31.743486976,580,hRCzQ
580,2022-03-01 05:57:50.140280560,581,QNwmrvne
581,2022-03-01 23:31:08.537074144,582,TOwMrxG
582,2022-03-02 17:04:26.933867736,583,YfrWVQugS
583,2022-03-03 10:37:45.330661320,584,VWvpthG
584,2022-03-04 04:11:03.727454912,585,LMSSuqIs
585,2022-03-04 21:44:22.124248496,586,VWnNq
586,2022-03-05 15:17:40.521042080,587,pyFRvlIE
587,2022-03-06 08:50:58.917835672,588,chzQfrakKw
588,2022-03-07 02:24:17.314629256,589,mokGPp
589,2022-03-07 19:57:35.711422848,590,MQSaELWkEi
590,2022-03-08 13:30:54.108216432,591,PHOsqOB
591,2022-03-09 07:04:12.505010016,592,hdwIvDo
592,2022-03-10 00:37:30.901803608,593,iUulfmT
593,2022-03-10 18:10:49.298597192,594,gODjeoXK
594,2022-03-11 11:44:07.695390784,595,wvKcWgLGRE
595,2022-03-12 05:17:26.092184368,596,dhYhxAA
596,2022-03-12 22:50:44.488977952,597,OQyfYEeF
597,2022-03-13 16:24:02.885771544,598,kKeeytClt
598,2022-03-14 09:57:21.282565128,599,CobBdKkxK
599,2022-03-15 03:30:39.679358712,600,qFZVTlMvG
600,2022-03-15 21:03:58.076152304,601,ltEzpusTVU
601,2022-03-16 14:37:16.472945888,602,aSJWkgFyOV
602,2022-03-17 08:10:34.869739480,603,SDRoTNKUL
603,2022-03-18 01:43:53.266533064,604,pltwVetaj
604,2022-03-18 19:17:11.663326648,605,geUgCOT
605,2022-03-19 12:50:30.060120240,606,KHUflv
606,2022-03-20 06:23:48.456913824,607,VOhBPeYS
607,2022-03-20 23:57:06.853707416,608,tncEEEHhyo
608,2022-03-21 17:30:25.250501000,609,nhbNQ
609,2022-03-22 11:03:43.647294584,610,YYCHZ
610,2022-03-23 04:37:02.044088176,611,CGRLk
611,2022-03-23 22:10:20.440881760,612,zUYKtUEym
612,2022-03-24 15:43:38.837675352,613,BRhwkCe
613,2022-03-25 09:16:57.234468936,614,LZavTJlUX
614,2022-03-26 02:50:15.631262520,615,TGGeHNvI
615,2022-03-26 20:23:34.028056112,616,gZDYL
616,2022-03-27 13:56:52.424849696,617,AbWaqaYEI
617,2022-03-28 07:30:10.821643288,618,AlqMX
618,2022-03-29 01:03:29.218436872,619,Ionpc
619,2022-03-29 18:36:47.615230456,620,xlZCfUyOqs
620,2022-03-30 12:10:06.012024048,621,DFLQFBnG
621,2022-03-31 05:43:24.408817632,622,eAeFz
622,2022-03-31 23:16:42.805611224,623,IvQNHtyV
623,2022-04-01 16:50:01.202404808,624,pIkRdWiKw
624,2022-04-02 10:23:19.599198392,625,WmPFAb
625,2022-04-03 03:56:37.995991984,626,xVngDzMAFK
626,2022-04-03 21:29:56.392785568,627,XQNSo
627,2022-04-04 15:03:14.789579160,628,dfTGrcl
628,2022-04-05 08:36:33.186372744,629,vCoplfBzHa
629,2022-04-06 02:09:51.583166328,630,wHeaAWPu
630,2022-04-06 19:43:09.979959920,631,EKedBKa
631,2022-04-07 13:16:28.376753504,632,XZzQsvwI
632,2022-04-08 06:49:46.773547096,633,jjLihrwg
633,2022-04-09 00:23:05.170340680,634,xvXrccBl
634,2022-04-09 17:56:23.567134264,635,bjuRmwa
635,2022-04-10 11:29:41.963927856,636,zvmGG
636,2022-04-11 05:03:00.360721440,637,UjKiiJF
637,2022-04-11 22:36:18.757515032,638,xteQHNElt
638,2022-04-12 16:09:37.154308616,639,oNQIYH
639,2022-04-13 09:42:55.551102200,640,NOZPfQEAVW
640,2022-04-14 03:16:13.947895792,641,ugbLBy
641,2022-04-14 20:49:32.344689376,642,kyBfohomHz
642,2022-04-15 14:22:50.741482968,643,bclYsD
643,2022-04-16 07:56:09.138276552,644,knxqHfm
644,2022-04-17 01:29:27.535070136,645,psExgQquuy
645,2022-04-17 19:02:45.931863728,646,oVClhXqmT
646,2022-04-18 12:36:04.328657312,647,EWtzeryD
647,2022-04-19 06:09:22.725450904,648,geOoUM
648,2022-04-19 23:42:41.122244488,649,WrnCfnR
649,2022-04-20 17:15:59.519038072,650,QRqmI
650,2022-04-21 10:49:17.915831664,651,zOXLrkyfu
651,2022-04-22 04:22:36.312625248,652,BseBeg
652,2022-04-22 21:55:54.709418840,653,VGBjBe
653,2022-04-23 15:29:13.106212424,654,IfRHA
654,2022-04-24 09:02:31.503006008,655,ieIXFQvt
655,2022-04-25 02:35:49.899799600,656,UpcWtZ
656,2022-04-25 20:09:08.296593184,657,GworR
657,2022-04-26 13:42:26.693386768,658,rtFpc
658,2022-04-27 07:15:45.090180360,659,YhFlGeZ
659,2022-04-28 00:49:03.486973944,660,JahfcIC
660,2022-04-28 18:22:21.883767536,661,VryNRmiRIL
661,2022-04-29 11:55:40.280561120,662,LpgMTw
662,2022-04-30 05:28:58.677354704,663,nZPFN
663,2022-04-30 23:02:17.074148296,664,AuGkBHIylL
664,2022-05-01 16:35:35.470941880,665,MsAySsdhFH
665,2022-05-02 10:08:53.867735472,666,aUQYnBNPF
666,2022-05-03 03:42:12.264529056,667,GweKdg
667,2022-05-03 21:15:30.661322640,668,KZiAW
668,2022-05-04 14:48:49.058116232,669,oWheaTXOIJ
669,2022-05-05 08:22:07.454909816,670,ILPOpiF
670,2022-05-06 01:55:25.851703408,671,RrYowaUm
671,2022-05-06 19:28:44.248496992,672,hcEXcX
672,2022-05-07 13:02:02.645290576,673,LjdiRqeBO
673,2022-05-08 06:35:21.042084168,674,PvFcpynoSC
674,2022-05-09 00:08:39.438877752,675,fnxtKzhF
675,2022-05-09 17:41:57.835671344,676,bFYMTWT
676,2022-05-10 11:15:16.232464928,677,bPVDeqeZw
677,2022-05-11 04:48:34.629258512,678,XvbDMi
678,2022-05-11 22:21:53.026052104,679,HmaKME
679,2022-05-12 15:55:11.422845688,680,pDxWtDWyy
680,2022-05-13 09:28:29.819639280,681,xdUZKEVCj
681,2022-05-14 03:01:48.216432864,682,vSzpViY
682,2022-05-14 20:35:06.613226448,683,HCbnhJfHM
683,2022-05-15 14:08:25.010020040,684,bGjtzswvg
684,2022-05-16 07:41:43.406813624,685,iOlwkwFT
685,2022-05-17 01:15:01.803607216,686,TSuJLUZTcI
686,2022-05-17 18:48:20.200400800,687,YwKAeui
687,2022-05-18 12:21:38.597194384,688,QlIhwWQopD
688,2022-05-19 05:54:56.993987976,689,uNdFSex
689,2022-05-19 23:28:15.390781560,690,HCZfY
690,2022-05-20 17:01:33.787575152,691,fUbfFTvKQ
691,2022-05-21 10:34:52.184368736,692,XPNSypD
692,2022-05-22 04:08:10.581162320,693,OGjozCSV
693,2022-05-22 21:41:28.977955912,694,qomPlJKI
694,2022-05-23 15:14:47.374749496,695,MkwdVWOBoc
695,2022-05-24 08:48:05.771543088,696,FENmYgMQAL
696,2022-05-25 02:21:24.168336672,697,RCbFFAcGjl
697,2022-05-25 19:54:42.565130256,698,UYmqKuAu
698,2022-05-26 13:28:00.961923848,699,jvciE
699,2022-05-27 07:01:19.358717432,700,fVEkyzuOFm
700,2022-05-28 00:34:37.755511024,701,zgvsnW
701,2022-05-28 18:07:56.152304608,702,QmNRiOY
702,2022-05-29 11:41:14.549098192,703,FcxRiv
703,2022-05-30 05:14:32.945891784,704,zVcdwm
704,2022-05-30 22:47:51.342685368,705,xcrDfaN
705,2022-05-31 16:21:09.739478960,706,yObUwrW
706,2022-06-01 09:54:28.136272544,707,VeBsXvEFq
707,2022-06-02 03:27:46.533066128,708,jBxUjbou
708,2022-06-02 21:01:04.929859720,709,VhVeEiMul
709,2022-06-03 14:34:23.326653304,710,WQrzeBYW
710,2022-06-04 08:07:41.723446896,711,ZCpwMj
711,2022-06-05 01:41:00.120240480,712,munluNUhi
712,2022-06-05 19:14:18.517034064,713,uMxGINB
713,2022-06-06 12:47:36.913827656,714,DfCjioFsRG
714,2022-06-07 06:20:55.310621240,715,tqZcMxGEO
715,2022-06-07 23:54:13.707414824,716,ADqkTYwB
716,2022-06-08 17:27:32.104208416,717,JXAUkT
717,2022-06-09 11:00:50.501002000,718,DepNCKE
718,2022-06-10 04:34:08.897795592,719,dAJXzaKdz
719,2022-06-10 22:07:27.294589176,720,uaPAaYNz
720,2022-06-11 15:40:45.691382760,721,uWvIz
721,2022-06-12 09:14:04.088176352,722,sBiRG
722,2022-06-13 02:47:22.484969936,723,UFUzA
723,2022-06-13 20:20:40.881763528,724,FqmFF
724,2022-06-14 13:53:59.278557112,725,Nxzoj
725,2022-06-15 07:27:17.675350696,726,PZMVxxMyK
726,2022-06-16 01:00:36.072144288,727,rNMwLZ
727,2022-06-16 18:33:54.468937872,728,BCVWuPylF
728,2022-06-17 12:07:12.865731464,729,wgaKUOq
729,2022-06-18 05:40:31.262525048,730,LJfzm
730,2022-06-18 23:13:49.659318632,731,XtJIvt
731,2022-06-19 16:47:08.056112224,732,JrrBbOULou
732,2022-06-20 10:20:26.452905808,733,TQqHyBYxQQ
733,2022-06-21 03:53:44.849699400,734,bMmsOyYhF
734,2022-06-21 21:27:03.246492984,735,JmkCUmro
735,2022-06-22 15:00:21.643286568,736,FjZSzP
736,2022-06-23 08:33:40.040080160,737,IblQNjxG
737,2022-06-24 02:06:58.436873744,738,drDqX
738,2022-06-24 19:40:16.833667336,739,cuCNLM
739,2022-06-25 13:13:35.230460920,740,SXYJGAHUc
740,2022-06-26 06:46:53.627254504,741,JPIDTX
741,2022-06-27 00:20:12.024048096,742,WHyriF
742,2022-06-27 17:53:30.420841680,743,moKewCdGcU
743,2022-06-28 11:26:48.817635272,744,dmoaL
744,2022-06-29 05:00:07.214428856,745,nQvMPXmUc
745,2022-06-29 22:33:25.611222440,746,EtoPWIgu
746,2022-06-30 16:06:44.008016032,747,lvsRNvYgi
747,2022-07-01 09:40:02.404809616,748,MJDWyVVti
748,2022-07-02 03:13:20.801603208,749,qMlldW
749,2022-07-02 20:46:39.198396792,750,miTsG
750,2022-07-03 14:19:57.595190376,751,MCclHSlt
751,2022-07-04 07:53:15.991983968,752,DyydemvIu
752,2022-07-05 01:26:34.388777552,753,tWDCulcUwv
753,2022-07-05 18:59:52.785571144,754,Ejwsa
754,2022-07-06 12:33:11.182364728,755,SLacVHlK
755,2022-07-07 06:06:29.579158312,756,GadwMFjyqQ
756,2022-07-07 23:39:47.975951904,757,xKqHZftxmw
757,2022-07-08 17:13:06.372745488,758,BedvikuSUS
758,2022-07-09 10:46:24.769539080,759,zMaFZnjZ
759,2022-07-10 04:19:43.166332664,760,cSDISQ
760,2022-07-10 21:53:01.563126248,761,IpRNfTGA
761,2022-07-11 15:26:19.959919840,762,Kpwxd
762,2022-07-12 08:59:38.356713424,763,gFDpxj
763,2022-07-13 02:32:56.753507016,764,rudpehDFCS
764,2022-07-13 20:06:15.150300600,765,EaaDYEWgDr
765,2022-07-14 13:39:33.547094184,766,wGLMPHWCT
766,2022-07-15 07:12:51.943887776,767,JGsDyf
767,2022-07-16 00:46:10.340681360,768,LaaGR
768,2022-07-16 18:19:28.737474944,769,yCiTIKthB
769,2022-07-17 11:52:47.134268536,770,zhOEMNfvy
770,2022-07-18 05:26:05.531062120,771,LIjkg
771,2022-07-18 22:59:23.927855712,772,yFzdbN
772,2022-07-19 16:32:42.324649296,773,GUeiNZyt
773,2022-07-20 10:06:00.721442880,774,rsHvKN
774,2022-07-21 03:39:19.118236472,775,FcmsjAvm
775,2022-07-21 21:12:37.515030056,776,axpnWq
776,2022-07-22 14:45:55.911823648,777,iQnlmwWZtY
777,2022-07-23 08:19:14.308617232,778,PbCHb
778,2022-07-24 01:52:32.705410816,779,mHgIeRl
779,2022-07-24 19:25:51.102204408,780,uzxbKeXm
780,2022-07-25 12:59:09.498997992,781,GxeRV
781,2022-07-26 06:32:27.895791584,782,OmiEC
782,2022-07-27 00:05:46.292585168,783,PIBisL
783,2022-07-27 17:39:04.689378752,784,NJgEsYuSG
784,2022-07-28 11:12:23.086172344,785,EbTwiOmGn
785,2022-07-29 04:45:41.482965928,786,EVeZIbyku
786,2022-07-29 22:18:59.879759520,787,dQARgu
787,2022-07-30 15:52:18.276553104,788,avMDAhmG
788,2022-07-31 09:25:36.673346688,789,eNyQvWmi
789,2022-08-01 02:58:55.070140280,790,nqkGCdEK
790,2022-08-01 20:32:13.466933864,791,DYTwd
791,2022-08-02 14:05:31.863727456,792,aRkLs
792,2022-08-03 07:38:50.260521040,793,zGKLaWmIyo
793,2022-08-04 01:12:08.657314624,794,EdTroOTmfD
794,2022-08-04 18:45:27.054108216,795,XWRxfMmUB
795,2022-08-05 12:18:45.450901800,796,DdWedsU
796,2022-08-06 05:52:03.847695392,797,fVbCyQSnAW
797,2022-08-06 23:25:22.244488976,798,FaPXKm
798,2022-08-07 16:58:40.641282560,799,NuyyP
799,2022-08-08 10:31:59.038076152,800,lPuwH
800,2022-08-09 04:05:17.434869736,801,IBlPvIiS
801,2022-08-09 21:38:35.831663328,802,OVxSKN
802,2022-08-10 15:11:54.228456912,803,UWXWIZjxh
803,2022-08-11 08:45:12.625250496,804,pkEeql
804,2022-08-12 02:18:31.022044088,805,DYDGQvdub
805,2022-08-12 19:51:49.418837672,806,XHHaqOEvdh
806,2022-08-13 13:25:07.815631264,807,WjlnkSca
807,2022-08-14 06:58:26.212424848,808,KYaKvLQ
808,2022-08-15 00:31:44.609218432,809,bSlJSXA
809,2022-08-15 18:05:03.006012024,810,inyooxMH
810,2022-08-16 11:38:21.402805608,811,rUSnuO
811,2022-08-17 05:11:39.799599200,812,JGiJfE
812,2022-08-17 22:44:58.196392784,813,eYwsUmr
813,2022-08-18 16:18:16.593186368,814,JCpos
814,2022-08-19 09:51:34.989979960,815,PBUfS
815,2022-08-20 03:24:53.386773544,816,qtojI
816,2022-08-20 20:58:11.783567136,817,mWRpY
817,2022-08-21 14:31:30.180360720,818,qXZnNh
818,2022-08-22 08:04:48.577154304,819,maGcrEQ
819,2022-08-23 01:38:06.973947896,820,IMwyjbm
820,2022-08-23 19:11:25.370741480,821,nEVqWstfhI
821,2022-08-24 12:44:43.767535072,822,gEpfUSev
822,2022-08-25 06:18:02.164328656,823,bbylG
823,2022-08-25 23:51:20.561122240,824,eIeivGWFs
824,2022-08-26 17:24:38.957915832,825,USaSDdzvy
825,2022-08-27 10:57:57.354709416,826,xCtKkvBMv
826,2022-08-28 04:31:15.751503000,827,bVDdXbIorF
827,2022-08-28 22:04:34.148296592,828,ejHUL
828,2022-08-29 15:37:52.545090176,829,CyynDJ
829,2022-08-30 09:11:10.941883768,830,aRpbOMr
830,2022-08-31 02:44:29.338677352,831,wbsXsk
831,2022-08-31 20:17:47.735470936,832,ckPdrhLkDS
832,2022-09-01 13:51:06.132264528,833,eqMmZWPgq
833,2022-09-02 07:24:24.529058112,834,FwTwnfcBB
834,2022-09-03 00:57:42.925851704,835,nkROxztMi
835,2022-09-03 18:31:01.322645288,836,sSfWLJ
836,2022-09-04 12:04:19.719438872,837,WLtpT
837,2022-09-05 05:37:38.116232464,838,ovGuPw
838,2022-09-05 23:10:56.513026048,839,iJayTDdt
839,2022-09-06 16:44:14.909819640,840,IOaPWp
840,2022-09-07 10:17:33.306613224,841,AlZvpbwlPN
841,2022-09-08 03:50:51.703406808,842,tzcPwIx
842,2022-09-08 21:24:10.100200400,843,zqIZkbyi
843,2022-09-09 14:57:28.496993984,844,oPNYbBP
844,2022-09-10 08:30:46.893787576,845,uotWzbDGue
845,2022-09-11 02:04:05.290581160,846,AhKiROcudJ
846,2022-09-11 19:37:23.687374744,847,ZfPDm
847,2022-09-12 13:10:42.084168336,848,dgMCAp
848,2022-09-13 06:44:00.480961920,849,OplfcU
849,2022-09-14 00:17:18.877755512,850,jUNbr
850,2022-09-14 17:50:37.274549096,851,aDBgsNiDn
851,2022-09-15 11:23:55.671342680,852,QyqKgHAKl
852,2022-09-16 04:57:14.068136272,853,muIvCDu
853,2022-09-16 22:30:32.464929856,854,YpMNpY
854,2022-09-17 16:03:50.861723448,855,YMCFAUs
855,2022-09-18 09:37:09.258517032,856,jDHJS
856,2022-09-19 03:10:27.655310616,857,iIdhQ
857,2022-09-19 20:43:46.052104208,858,FCVtbLs
858,2022-09-20 14:17:04.448897792,859,SdHnsNNx
859,2022-09-21 07:50:22.845691384,860,DoWpsIt
860,2022-09-22 01:23:41.242484968,861,NhXim
861,2022-09-22 18:56:59.639278552,862,WfDtUjxruB
862,2022-09-23 12:30:18.036072144,863,jPodLqxl
863,2022-09-24 06:03:36.432865728,864,Ldwchd
864,2022-09-24 23:36:54.829659320,865,EiDcYXsZ
865,2022-09-25 17:10:13.226452904,866,VmZfGU
866,2022-09-26 10:43:31.623246488,867,LsBLelxO
867,2022-09-27 04:16:50.020040080,868,DYqfCcGMKg
868,2022-09-27 21:50:08.416833664,869,SOihJC
869,2022-09-28 15:23:26.813627256,870,xNoQhsNpST
870,2022-09-29 08:56:45.210420840,871,FIftzBdlo
871,2022-09-30 02:30:03.607214424,872,mfvYuiUO
872,2022-09-30 20:03:22.004008016,873,DGXHWgf
873,2022-10-01 13:36:40.400801600,874,DVSAkEjOZ
874,2022-10-02 07:09:58.797595192,875,JuwHtocCAi
875,2022-10-03 00:43:17.194388776,876,iIKtKY
876,2022-10-03 18:16:35.591182360,877,bwfXyFFll
877,2022-10-04 11:49:53.987975952,878,VJGDOgPK
878,2022-10-05 05:23:12.384769536,879,RjxsyCrq
879,2022-10-05 22:56:30.781563128,880,OlFrmlkTD
880,2022-10-06 16:29:49.178356712,881,tTFinVxwi
881,2022-10-07 10:03:07.575150296,882,BFfPVwFzu
882,2022-10-08 03:36:25.971943888,883,fLoapA
883,2022-10-08 21:09:44.368737472,884,MzxrHQSdNZ
884,2022-10-09 14:43:02.765531056,885,XGqCozXzyn
885,2022-10-10 08:16:21.162324648,886,aZFwU
886,2022-10-11 01:49:39.559118232,887,sUJgcr
887,2022-10-11 19:22:57.955911824,888,BERHzn
888,2022-10-12 12:56:16.352705408,889,nUYmaj
889,2022-10-13 06:29:34.749498992,890,QizoFQ
890,2022-10-14 00:02:53.146292584,891,uBAtonXjn
891,2022-10-14 17:36:11.543086168,892,TitEipm
892,2022-10-15 11:09:29.939879760,893,xKzjD
893,2022-10-16 04:42:48.336673344,894,NlHjuNLY
894,2022-10-16 22:16:06.733466928,895,AQbvRFxNG
895,2022-10-17 15:49:25.130260520,896,Okklf
896,2022-10-18 09:22:43.527054104,897,bCHGkPNpHI
897,2022-10-19 02:56:01.923847696,898,pKYzCMIFP
898,2022-10-19 20:29:20.320641280,899,RCJDnZbC
899,2022-10-20 14:02:38.717434864,900,qZfPH
900,2022-10-21 07:35:57.114228456,901,taLrNly
901,2022-10-22 01:09:15.511022040,902,TfhDyGbbo
902,2022-10-22 18:42:33.907815632,903,Mwlbx
903,2022-10-23 12:15:52.304609216,904,ofhimX
904,2022-10-24 05:49:10.701402800,905,FsefPD
905,2022-10-24 23:22:29.098196392,906,dhUkNWQl
906,2022-10-25 16:55:47.494989976,907,eJknZBi
907,2022-10-26 10:29:05.891783568,908,IOGWm
908,2022-10-27 04:02:24.288577152,909,ygEscyPH
909,2022-10-27 21:35:42.685370736,910,TxxRuyOKrk
910,2022-10-28 15:09:01.082164328,911,kNTkxL
911,2022-10-29 08:42:19.478957912,912,vunpujkeSD
912,2022-10-30 02:15:37.875751504,913,snGipOFw
913,2022-10-30 19:48:56.272545088,914,GuTdt
914,2022-10-31 13:22:14.669338672,915,TEvqIncKn
915,2022-11-01 06:55:33.066132264,916,yZZAzKLV
916,2022-11-02 00:28:51.462925848,917,LXfnrhXPsD
917,2022-11-02 18:02:09.859719440,918,rTRfIfHoU
918,2022-11-03 11:35:28.256513024,919,ayhZOHrwX
919,2022-11-04 05:08:46.653306608,920,aSIvXyCMfR
920,2022-11-04 22:42:05.050100200,921,rygElfqmD
921,2022-11-05 16:15:23.446893784,922,CYtSah
922,2022-11-06 09:48:41.843687376,923,IHHBiYXG
923,2022-11-07 03:22:00.240480960,924,TNzAzkItt
924,2022-11-07 20:55:18.637274544,925,DhdPwA
925,2022-11-08 14:28:37.034068136,926,NqtGqvHs
926,2022-11-09 08:01:55.430861720,927,wdghRsnx
927,2022-11-10 01:35:13.827655312,928,jBzuKSI
928,2022-11-10 19:08:32.224448896,929,YvBFd
929,2022-11-11 12:41:50.621242480,930,msCQOYz
930,2022-11-12 06:15:09.018036072,931,WjMYttmAX
931,2022-11-12 23:48:27.414829656,932,LHzPzyevCN
932,2022-11-13 17:21:45.811623248,933,JEbopo
933,2022-11-14 10:55:04.208416832,934,vYJEdJsIn
934,2022-11-15 04:28:22.605210416,935,tpaXPwl
935,2022-11-15 22:01:41.002004008,936,vacgb
936,2022-11-16 15:34:59.398797592,937,cLGINpO
937,2022-11-17 09:08:17.795591184,938,RZNIXZoV
938,2022-11-18 02:41:36.192384768,939,TUujHU
939,2022-11-18 20:14:54.589178352,940,vItwO
940,2022-11-19 13:48:12.985971944,941,NfLWc
941,2022-11-20 07:21:31.382765528,942,xbsMWZJe
942,2022-11-21 00:54:49.779559112,943,uBJrEuJ
943,2022-11-21 18:28:08.176352704,944,mwjrcPHj
944,2022-11-22 12:01:26.573146288,945,qgvda
945,2022-11-23 05:34:44.969939880,946,WsIuPZ
946,2022-11-23 23:08:03.366733464,947,PIXzA
947,2022-11-24 16:41:21.763527048,948,juftamesV
948,2022-11-25 10:14:40.160320640,949,odJjyMpTde
949,2022-11-26 03:47:58.557114224,950,uokgK
950,2022-11-26 21:21:16.953907816,951,ukocrdBCb
951,2022-11-27 14:54:35.350701400,952,qamFtdCGk
952,2022-11-28 08:27:53.747494984,953,OvzNjC
953,2022-11-29 02:01:12.144288576,954,JYfbGrUWR
954,2022-11-29 19:34:30.541082160,955,aaWcXqwT
955,2022-11-30 13:07:48.937875752,956,ulzhtKt
956,2022-12-01 06:41:07.334669336,957,qYcju
957,2022-12-02 00:14:25.731462920,958,ylVFphVkKI
958,2022-12-02 17:47:44.128256512,959,aRJKfZTNkk
959,2022-12-03 11:21:02.525050096,960,kHoEPfGgl
960,2022-12-04 04:54:20.921843688,961,DvQKlQuS
961,2022-12-04 22:27:39.318637272,962,DqsYzKvwY
962,2022-12-05 16:00:57.715430856,963,ywSQSTR
963,2022-12-06 09:34:16.112224448,964,rLRIMRo
964,2022-12-07 03:07:34.509018032,965,lSgkvCyjZ
965,2022-12-07 20:40:52.905811624,966,IjoQeqdDk
966,2022-12-08 14:14:11.302605208,967,PoyvwMjAI
967,2022-12-09 07:47:29.699398792,968,qWvHJlRjxy
968,2022-12-10 01:20:48.096192384,969,mGRvtRMEq
969,2022-12-10 18:54:06.492985968,970,PPeUeQ
970,2022-12-11 12:27:24.889779560,971,ZEJan
971,2022-12-12 06:00:43.286573144,972,stPMwZeKOC
972,2022-12-12 23:34:01.683366728,973,aiAqLCG
973,2022-12-13 17:07:20.080160320,974,wSFiGxeH
974,2022-12-14 10:40:38.476953904,975,qbSNjUCt
975,2022-12-15 04:13:56.873747496,976,YAEhGy
976,2022-12-15 21:47:15.270541080,977,WDyAANH
977,2022-12-16 15:20:33.667334664,978,SwMHtX
978,2022-12-17 08:53:52.064128256,979,NLuOxYBO
979,2022-12-18 02:27:10.460921840,980,uyKrZyqffw
980,2022-12-18 20:00:28.857715432,981,WuYXD
981,2022-12-19 13:33:47.254509016,982,lHmul
982,2022-12-20 07:07:05.651302600,983,MPRsVJVs
983,2022-12-21 00:40:24.048096192,984,jutGQc
984,2022-12-21 18:13:42.444889776,985,yXjEWEUPSu
985,2022-12-22 11:47:00.841683368,986,JQwdGfWr
986,2022-12-23 05:20:19.238476952,987,uhPuGG
987,2022-12-23 22:53:37.635270536,988,lOMSGcwj
988,2022-12-24 16:26:56.032064128,989,HtSbZCVHt
989,2022-12-25 10:00:14.428857712,990,dMtcZ
990,2022-12-26 03:33:32.825651304,991,wtxxLpP
991,2022-12-26 21:06:51.222444888,992,LoGMQEVKNp
992,2022-12-27 14:40:09.619238472,993,mkLMzGk
993,2022-12-28 08:13:28.016032064,994,OSjeY
994,2022-12-29 01:46:46.412825648,995,mjhaXaJJvB
995,2022-12-29 19:20:04.809619240,996,ZWfnBeZLrr
996,2022-12-30 12:53:23.206412824,997,PerIoPyRy
997,2022-12-31 06:26:41.603206408,998,mDAiMegWF
998,2023-01-01 00:00:00.000000000,999,cDBFgoA
